transaction_id,date,year,month,quarter,client_name,project_name,service_category,project_type,location,amount,cost,profit,profit_margin,status,payment_status,payment_method,duration_days,project_manager,source_note
GTX-2024-0001,2024-01-05,2024,2024-01,Q1,BGC Hotel Group,MEPFS Upgrade for Condominium - BGC Hotel Group,MEPFS Works,MEPFS Upgrade for Condominium,Rizal,6395000,4905000,1490000,0.233,Completed,Paid,Bank Transfer,416,Reyes,Simulated Gigatech-style data for academic dashboard use; patterned after construction/engineering service categories
GTX-2024-0002,2024-01-05,2024,2024-01,Q1,BGC Hotel Group,Ventilation System Works - BGC Hotel Group,Mechanical Works,Ventilation System Works,Las Pinas City,4310000,3560000,750000,0.174,Completed,Paid,Cash Deposit,37,Cruz,Simulated Gigatech-style data for academic dashboard use; patterned after construction/engineering service categories
GTX-2024-0003,2024-01-05,2024,2024-01,Q1,Laguna Industrial Park,Access Control Installation - Laguna Industrial Park,Auxiliary Works,Access Control Installation,Cebu City,460000,350000,110000,0.2391,Completed,Paid,Check Payment,208,Reyes,Simulated Gigatech-style data for academic dashboard use; patterned after construction/engineering service categories
GTX-2024-0004,2024-01-09,2024,2024-01,Q1,Davao Retail Center,Electrical System Upgrade - Davao Retail Center,General Electrical Works,Electrical System Upgrade,Cebu City,4080000,2845000,1235000,0.3027,Completed,Paid,Progress Billing,225,Dela Cruz,Simulated Gigatech-style data for academic dashboard use; patterned after construction/engineering service categories
GTX-2024-0005,2024-01-09,2024,2024-01,Q1,Quezon City Estate Group,MEPFS Upgrade for Condominium - Quezon City Estate Group,MEPFS Works,MEPFS Upgrade for Condominium,Laguna,6110000,4345000,1765000,0.2889,Completed,Paid,Cash Deposit,334,Reyes,Simulated Gigatech-style data for academic dashboard use; patterned after construction/engineering service categories
GTX-2024-0006,2024-01-19,2024,2024-01,Q1,South Luzon Warehousing,Access Road Improvement - South Luzon Warehousing,Civil Works,Access Road Improvement,Tarlac,3650000,2485000,1165000,0.3192,Completed,Paid,Progress Billing,415,Dela Cruz,Simulated Gigatech-style data for academic dashboard use; patterned after construction/engineering service categories
GTX-2024-0007,2024-01-20,2024,2024-01,Q1,Pampanga Medical Suites,Equipment Room Upgrade - Pampanga Medical Suites,Mechanical Works,Equipment Room Upgrade,Paranaque City,4255000,3190000,1065000,0.2503,Completed,Paid,Progress Billing,199,Santos,Simulated Gigatech-style data for academic dashboard use; patterned after construction/engineering service categories
GTX-2024-0008,2024-01-22,2024,2024-01,Q1,Muntinlupa Town Center,Ceiling and Partition Works - Muntinlupa Town Center,Architectural Works,Ceiling and Partition Works,Tarlac,1430000,1180000,250000,0.1748,Completed,Unpaid,Check Payment,114,Ramos,Simulated Gigatech-style data for academic dashboard use; patterned after construction/engineering service categories
GTX-2024-0009,2024-01-29,2024,2024-01,Q1,Pampanga Medical Suites,Warehouse Rehabilitation - Pampanga Medical Suites,Renovation and Rehabilitation,Warehouse Rehabilitation,Rizal,940000,650000,290000,0.3085,Completed,Paid,Online Transfer,407,Dela Cruz,Simulated Gigatech-style data for academic dashboard use; patterned after construction/engineering service categories
GTX-2024-0010,2024-01-31,2024,2024-01,Q1,Metro Build Corporation,Access Road Improvement - Metro Build Corporation,Civil Works,Access Road Improvement,Quezon City,1135000,840000,295000,0.2599,Delayed,Partially Paid,Check Payment,62,Reyes,Simulated Gigatech-style data for academic dashboard use; patterned after construction/engineering service categories
GTX-2024-0011,2024-02-05,2024,2024-02,Q1,Nuvali Property Office,Fire Line Repair Works - Nuvali Property Office,Fire Protection Works,Fire Line Repair Works,Pasay City,3420000,2890000,530000,0.155,Completed,Paid,Check Payment,258,Reyes,Simulated Gigatech-style data for academic dashboard use; patterned after construction/engineering service categories
GTX-2024-0012,2024-02-09,2024,2024-02,Q1,Northpoint Realty,Access Control Installation - Northpoint Realty,Auxiliary Works,Access Control Installation,Cebu City,685000,470000,215000,0.3139,Completed,Paid,Cash Deposit,269,Cruz,Simulated Gigatech-style data for academic dashboard use; patterned after construction/engineering service categories
GTX-2024-0013,2024-02-11,2024,2024-02,Q1,Manila School Foundation,Network and Communication Works - Manila School Foundation,Auxiliary Works,Network and Communication Works,Paranaque City,1320000,980000,340000,0.2576,Completed,Paid,Cash Deposit,268,Reyes,Simulated Gigatech-style data for academic dashboard use; patterned after construction/engineering service categories
GTX-2024-0014,2024-02-13,2024,2024-02,Q1,Quezon City Estate Group,Commercial Unit Fit-Out - Quezon City Estate Group,Fit-Out Works,Commercial Unit Fit-Out,Bulacan,1935000,1370000,565000,0.292,Completed,Paid,Online Transfer,377,Dela Cruz,Simulated Gigatech-style data for academic dashboard use; patterned after construction/engineering service categories
GTX-2024-0015,2024-02-13,2024,2024-02,Q1,Cebu Realty Ventures,School Facility Repair - Cebu Realty Ventures,Renovation and Rehabilitation,School Facility Repair,Davao City,2020000,1565000,455000,0.2252,Completed,Paid,Online Transfer,210,Santos,Simulated Gigatech-style data for academic dashboard use; patterned after construction/engineering service categories
GTX-2024-0016,2024-02-18,2024,2024-02,Q1,Davao Retail Center,Mechanical Equipment Installation - Davao Retail Center,Mechanical Works,Mechanical Equipment Installation,Quezon City,3690000,2510000,1180000,0.3198,Completed,Paid,Progress Billing,350,Cruz,Simulated Gigatech-style data for academic dashboard use; patterned after construction/engineering service categories
GTX-2024-0017,2024-02-19,2024,2024-02,Q1,Cebu Realty Ventures,Sanitary Line Upgrade - Cebu Realty Ventures,Plumbing and Sanitary Works,Sanitary Line Upgrade,BGC Taguig,2165000,1560000,605000,0.2794,Completed,Paid,Progress Billing,366,Reyes,Simulated Gigatech-style data for academic dashboard use; patterned after construction/engineering service categories
GTX-2024-0018,2024-02-23,2024,2024-02,Q1,Nuvali Property Office,Ceiling and Partition Works - Nuvali Property Office,Architectural Works,Ceiling and Partition Works,Mandaue City,2535000,1800000,735000,0.2899,Completed,Paid,Online Transfer,57,Villanueva,Simulated Gigatech-style data for academic dashboard use; patterned after construction/engineering service categories
GTX-2024-0019,2024-02-24,2024,2024-02,Q1,Bulacan Builders Group,Interior Finishing Works - Bulacan Builders Group,Architectural Works,Interior Finishing Works,Tarlac,925000,780000,145000,0.1568,For Billing,Partially Paid,Progress Billing,196,Dela Cruz,Simulated Gigatech-style data for academic dashboard use; patterned after construction/engineering service categories
GTX-2024-0020,2024-02-29,2024,2024-02,Q1,Nuvali Property Office,Warehouse Rehabilitation - Nuvali Property Office,Renovation and Rehabilitation,Warehouse Rehabilitation,Mandaue City,1185000,1005000,180000,0.1519,Completed,Paid,Cash Deposit,37,Dela Cruz,Simulated Gigatech-style data for academic dashboard use; patterned after construction/engineering service categories
GTX-2024-0021,2024-03-02,2024,2024-03,Q1,Batangas Manufacturing Plant,Office Building Rehabilitation - Batangas Manufacturing Plant,Renovation and Rehabilitation,Office Building Rehabilitation,Tarlac,3045000,2250000,795000,0.2611,Completed,Paid,Progress Billing,114,Cruz,Simulated Gigatech-style data for academic dashboard use; patterned after construction/engineering service categories
GTX-2024-0022,2024-03-04,2024,2024-03,Q1,Quezon City Estate Group,Integrated Building Services Package - Quezon City Estate Group,MEPFS Works,Integrated Building Services Package,Paranaque City,4710000,3430000,1280000,0.2718,Completed,Paid,Cash Deposit,292,Dela Cruz,Simulated Gigatech-style data for academic dashboard use; patterned after construction/engineering service categories
GTX-2024-0023,2024-03-08,2024,2024-03,Q1,BGC Hotel Group,Condominium Structural Package - BGC Hotel Group,Structural Works,Condominium Structural Package,Mandaue City,1300000,960000,340000,0.2615,Completed,Partially Paid,Check Payment,166,Cruz,Simulated Gigatech-style data for academic dashboard use; patterned after construction/engineering service categories
GTX-2024-0024,2024-03-12,2024,2024-03,Q1,Rizal Housing Cooperative,Water Supply System Works - Rizal Housing Cooperative,Plumbing and Sanitary Works,Water Supply System Works,Pampanga,1610000,1175000,435000,0.2702,Delayed,Unpaid,Cash Deposit,178,Santos,Simulated Gigatech-style data for academic dashboard use; patterned after construction/engineering service categories
GTX-2024-0025,2024-03-14,2024,2024-03,Q1,Bulacan Builders Group,MEPFS Package for Commercial Building - Bulacan Builders Group,MEPFS Works,MEPFS Package for Commercial Building,Paranaque City,3110000,2485000,625000,0.201,Completed,Partially Paid,Cash Deposit,166,Santos,Simulated Gigatech-style data for academic dashboard use; patterned after construction/engineering service categories
GTX-2024-0026,2024-03-18,2024,2024-03,Q1,BGC Hotel Group,Condominium Structural Package - BGC Hotel Group,Structural Works,Condominium Structural Package,Paranaque City,4700000,3495000,1205000,0.2564,Completed,Unpaid,Bank Transfer,245,Reyes,Simulated Gigatech-style data for academic dashboard use; patterned after construction/engineering service categories
GTX-2024-0027,2024-03-26,2024,2024-03,Q1,Bulacan Builders Group,CCTV and Structured Cabling - Bulacan Builders Group,Auxiliary Works,CCTV and Structured Cabling,Pampanga,800000,605000,195000,0.2437,Completed,Paid,Bank Transfer,258,Ramos,Simulated Gigatech-style data for academic dashboard use; patterned after construction/engineering service categories
GTX-2024-0028,2024-03-28,2024,2024-03,Q1,Northpoint Realty,MEPFS Rough-in Works - Northpoint Realty,MEPFS Works,MEPFS Rough-in Works,Ortigas Center,4360000,3240000,1120000,0.2569,Completed,Paid,Progress Billing,356,Torres,Simulated Gigatech-style data for academic dashboard use; patterned after construction/engineering service categories
GTX-2024-0029,2024-03-31,2024,2024-03,Q1,Tarlac Industrial Estate,Integrated Building Services Package - Tarlac Industrial Estate,MEPFS Works,Integrated Building Services Package,Cavite,5210000,4445000,765000,0.1468,Completed,Paid,Progress Billing,298,Reyes,Simulated Gigatech-style data for academic dashboard use; patterned after construction/engineering service categories
GTX-2024-0030,2024-04-03,2024,2024-04,Q2,Rizal Housing Cooperative,Generator and Transfer Switch Works - Rizal Housing Cooperative,General Electrical Works,Generator and Transfer Switch Works,Mandaue City,3600000,2540000,1060000,0.2944,Completed,Unpaid,Progress Billing,317,Dela Cruz,Simulated Gigatech-style data for academic dashboard use; patterned after construction/engineering service categories
GTX-2024-0031,2024-04-04,2024,2024-04,Q2,Cavite Landholdings,Office Fit-Out Works - Cavite Landholdings,Fit-Out Works,Office Fit-Out Works,Rizal,2120000,1645000,475000,0.2241,Completed,Paid,Progress Billing,270,Dela Cruz,Simulated Gigatech-style data for academic dashboard use; patterned after construction/engineering service categories
GTX-2024-0032,2024-04-09,2024,2024-04,Q2,Davao Retail Center,Condominium Structural Package - Davao Retail Center,Structural Works,Condominium Structural Package,BGC Taguig,4840000,4235000,605000,0.125,Completed,Paid,Check Payment,328,Santos,Simulated Gigatech-style data for academic dashboard use; patterned after construction/engineering service categories
GTX-2024-0033,2024-04-13,2024,2024-04,Q2,Pampanga Medical Suites,Panel Board Installation - Pampanga Medical Suites,General Electrical Works,Panel Board Installation,Laguna,1880000,1455000,425000,0.2261,Completed,Partially Paid,Online Transfer,246,Santos,Simulated Gigatech-style data for academic dashboard use; patterned after construction/engineering service categories
GTX-2024-0034,2024-04-14,2024,2024-04,Q2,NCR Office Suites,Access Control Installation - NCR Office Suites,Auxiliary Works,Access Control Installation,Muntinlupa City,370000,275000,95000,0.2568,For Billing,Unpaid,Cash Deposit,185,Mendoza,Simulated Gigatech-style data for academic dashboard use; patterned after construction/engineering service categories
GTX-2024-0035,2024-04-15,2024,2024-04,Q2,Batangas Manufacturing Plant,CCTV and Structured Cabling - Batangas Manufacturing Plant,Auxiliary Works,CCTV and Structured Cabling,Cebu City,675000,520000,155000,0.2296,Delayed,Partially Paid,Progress Billing,97,Reyes,Simulated Gigatech-style data for academic dashboard use; patterned after construction/engineering service categories
GTX-2024-0036,2024-04-15,2024,2024-04,Q2,Quezon City Estate Group,Ducting and Ventilation Works - Quezon City Estate Group,HVAC Works,Ducting and Ventilation Works,Batangas,3075000,2315000,760000,0.2472,Completed,Paid,Online Transfer,205,Mendoza,Simulated Gigatech-style data for academic dashboard use; patterned after construction/engineering service categories
GTX-2024-0037,2024-04-18,2024,2024-04,Q2,Muntinlupa Town Center,Condo Common Area Renovation - Muntinlupa Town Center,Renovation and Rehabilitation,Condo Common Area Renovation,Las Pinas City,975000,690000,285000,0.2923,Completed,Paid,Progress Billing,171,Garcia,Simulated Gigatech-style data for academic dashboard use; patterned after construction/engineering service categories
GTX-2024-0038,2024-04-26,2024,2024-04,Q2,Laguna Industrial Park,Commercial Space Renovation - Laguna Industrial Park,Renovation and Rehabilitation,Commercial Space Renovation,Ortigas Center,1085000,795000,290000,0.2673,For Billing,Partially Paid,Cash Deposit,393,Villanueva,Simulated Gigatech-style data for academic dashboard use; patterned after construction/engineering service categories
GTX-2024-0039,2024-04-27,2024,2024-04,Q2,Las Pinas Residences,Sprinkler System Installation - Las Pinas Residences,Fire Protection Works,Sprinkler System Installation,Pasay City,2380000,1985000,395000,0.166,Completed,Partially Paid,Cash Deposit,377,Garcia,Simulated Gigatech-style data for academic dashboard use; patterned after construction/engineering service categories
GTX-2024-0040,2024-04-28,2024,2024-04,Q2,Makati Business Tower,Plumbing Line Installation - Makati Business Tower,Plumbing and Sanitary Works,Plumbing Line Installation,Pampanga,1740000,1235000,505000,0.2902,Completed,Paid,Progress Billing,364,Dela Cruz,Simulated Gigatech-style data for academic dashboard use; patterned after construction/engineering service categories
GTX-2024-0041,2024-04-30,2024,2024-04,Q2,South Luzon Warehousing,Mechanical Equipment Installation - South Luzon Warehousing,Mechanical Works,Mechanical Equipment Installation,Manila,1775000,1435000,340000,0.1915,Completed,Paid,Online Transfer,202,Flores,Simulated Gigatech-style data for academic dashboard use; patterned after construction/engineering service categories
GTX-2024-0042,2024-05-05,2024,2024-05,Q2,Metro Build Corporation,Building Renovation - Metro Build Corporation,Architectural Works,Building Renovation,Mandaue City,960000,720000,240000,0.25,Completed,Partially Paid,Bank Transfer,143,Cruz,Simulated Gigatech-style data for academic dashboard use; patterned after construction/engineering service categories
GTX-2024-0043,2024-05-06,2024,2024-05,Q2,Cebu Realty Ventures,Generator and Transfer Switch Works - Cebu Realty Ventures,General Electrical Works,Generator and Transfer Switch Works,Mandaue City,2610000,1880000,730000,0.2797,Completed,Paid,Check Payment,381,Cruz,Simulated Gigatech-style data for academic dashboard use; patterned after construction/engineering service categories
GTX-2024-0044,2024-05-07,2024,2024-05,Q2,Manila School Foundation,Sprinkler System Installation - Manila School Foundation,Fire Protection Works,Sprinkler System Installation,Tarlac,2375000,1725000,650000,0.2737,Completed,Paid,Cash Deposit,179,Santos,Simulated Gigatech-style data for academic dashboard use; patterned after construction/engineering service categories
GTX-2024-0045,2024-05-11,2024,2024-05,Q2,Cebu Condo Board,MEPFS Rough-in Works - Cebu Condo Board,MEPFS Works,MEPFS Rough-in Works,Makati City,5370000,4345000,1025000,0.1909,Completed,Paid,Progress Billing,32,Dela Cruz,Simulated Gigatech-style data for academic dashboard use; patterned after construction/engineering service categories
GTX-2024-0046,2024-05-14,2024,2024-05,Q2,NCR Office Suites,Condominium Structural Package - NCR Office Suites,Structural Works,Condominium Structural Package,Muntinlupa City,4890000,3630000,1260000,0.2577,For Billing,Unpaid,Progress Billing,303,Santos,Simulated Gigatech-style data for academic dashboard use; patterned after construction/engineering service categories
GTX-2024-0047,2024-05-22,2024,2024-05,Q2,Paranaque Logistics Hub,MEPFS Package for Commercial Building - Paranaque Logistics Hub,MEPFS Works,MEPFS Package for Commercial Building,Las Pinas City,5895000,4580000,1315000,0.2231,Completed,Paid,Online Transfer,147,Santos,Simulated Gigatech-style data for academic dashboard use; patterned after construction/engineering service categories
GTX-2024-0048,2024-05-22,2024,2024-05,Q2,Greenfield Developers,Foundation and Column Works - Greenfield Developers,Structural Works,Foundation and Column Works,Mandaue City,5440000,4525000,915000,0.1682,Completed,Paid,Progress Billing,113,Garcia,Simulated Gigatech-style data for academic dashboard use; patterned after construction/engineering service categories
GTX-2024-0049,2024-05-23,2024,2024-05,Q2,BGC Hotel Group,Condominium Structural Package - BGC Hotel Group,Structural Works,Condominium Structural Package,BGC Taguig,3115000,2610000,505000,0.1621,Completed,Paid,Cash Deposit,104,Torres,Simulated Gigatech-style data for academic dashboard use; patterned after construction/engineering service categories
GTX-2024-0050,2024-05-24,2024,2024-05,Q2,Tarlac Industrial Estate,Ventilation System Works - Tarlac Industrial Estate,Mechanical Works,Ventilation System Works,Paranaque City,1890000,1430000,460000,0.2434,Completed,Partially Paid,Cash Deposit,408,Villanueva,Simulated Gigatech-style data for academic dashboard use; patterned after construction/engineering service categories
GTX-2024-0051,2024-05-24,2024,2024-05,Q2,Quezon City Estate Group,Drainage and Road Works - Quezon City Estate Group,Civil Works,Drainage and Road Works,Makati City,1205000,1000000,205000,0.1701,For Billing,Unpaid,Online Transfer,45,Garcia,Simulated Gigatech-style data for academic dashboard use; patterned after construction/engineering service categories
GTX-2024-0052,2024-05-27,2024,2024-05,Q2,Pasay Commercial Center,Panel Board Installation - Pasay Commercial Center,General Electrical Works,Panel Board Installation,Rizal,2725000,2260000,465000,0.1706,For Billing,Unpaid,Check Payment,375,Villanueva,Simulated Gigatech-style data for academic dashboard use; patterned after construction/engineering service categories
GTX-2024-0053,2024-06-01,2024,2024-06,Q2,Cebu Realty Ventures,Network and Communication Works - Cebu Realty Ventures,Auxiliary Works,Network and Communication Works,Tarlac,1105000,800000,305000,0.276,Completed,Paid,Check Payment,99,Reyes,Simulated Gigatech-style data for academic dashboard use; patterned after construction/engineering service categories
GTX-2024-0054,2024-06-03,2024,2024-06,Q2,Metro Build Corporation,Electrical System Upgrade - Metro Build Corporation,General Electrical Works,Electrical System Upgrade,Pampanga,3200000,2490000,710000,0.2219,Completed,Paid,Check Payment,82,Santos,Simulated Gigatech-style data for academic dashboard use; patterned after construction/engineering service categories
GTX-2024-0055,2024-06-04,2024,2024-06,Q2,Mandaue Commercial Hub,Network and Communication Works - Mandaue Commercial Hub,Auxiliary Works,Network and Communication Works,Tarlac,1065000,695000,370000,0.3474,Completed,Paid,Online Transfer,347,Dela Cruz,Simulated Gigatech-style data for academic dashboard use; patterned after construction/engineering service categories
GTX-2024-0056,2024-06-11,2024,2024-06,Q2,Taguig Condo Association,Generator and Transfer Switch Works - Taguig Condo Association,General Electrical Works,Generator and Transfer Switch Works,Mandaue City,2035000,1430000,605000,0.2973,Completed,Paid,Online Transfer,36,Torres,Simulated Gigatech-style data for academic dashboard use; patterned after construction/engineering service categories
GTX-2024-0057,2024-06-15,2024,2024-06,Q2,Cebu Condo Board,HVAC System Upgrade - Cebu Condo Board,HVAC Works,HVAC System Upgrade,Paranaque City,715000,525000,190000,0.2657,Completed,Partially Paid,Cash Deposit,402,Santos,Simulated Gigatech-style data for academic dashboard use; patterned after construction/engineering service categories
GTX-2024-0058,2024-06-15,2024,2024-06,Q2,Quezon City Estate Group,Water Supply System Works - Quezon City Estate Group,Plumbing and Sanitary Works,Water Supply System Works,Quezon City,2325000,1705000,620000,0.2667,Completed,Paid,Check Payment,358,Villanueva,Simulated Gigatech-style data for academic dashboard use; patterned after construction/engineering service categories
GTX-2024-0059,2024-06-17,2024,2024-06,Q2,Cavite Landholdings,Steel Framing Works - Cavite Landholdings,Structural Works,Steel Framing Works,Iloilo City,3995000,3185000,810000,0.2028,Completed,Paid,Online Transfer,402,Mendoza,Simulated Gigatech-style data for academic dashboard use; patterned after construction/engineering service categories
GTX-2024-0060,2024-06-23,2024,2024-06,Q2,Northpoint Realty,Commercial Unit Fit-Out - Northpoint Realty,Fit-Out Works,Commercial Unit Fit-Out,Iloilo City,905000,670000,235000,0.2597,Completed,Paid,Cash Deposit,294,Cruz,Simulated Gigatech-style data for academic dashboard use; patterned after construction/engineering service categories
GTX-2024-0061,2024-06-25,2024,2024-06,Q2,BGC Hotel Group,CCTV and Structured Cabling - BGC Hotel Group,Auxiliary Works,CCTV and Structured Cabling,Batangas,1200000,870000,330000,0.275,Completed,Unpaid,Check Payment,274,Cruz,Simulated Gigatech-style data for academic dashboard use; patterned after construction/engineering service categories
GTX-2024-0062,2024-06-25,2024,2024-06,Q2,Caloocan Warehouse Group,Fire Protection System Upgrade - Caloocan Warehouse Group,Fire Protection Works,Fire Protection System Upgrade,Quezon City,1535000,1195000,340000,0.2215,For Billing,Partially Paid,Progress Billing,122,Dela Cruz,Simulated Gigatech-style data for academic dashboard use; patterned after construction/engineering service categories
GTX-2024-0063,2024-06-29,2024,2024-06,Q2,Northpoint Realty,Integrated Building Services Package - Northpoint Realty,MEPFS Works,Integrated Building Services Package,Pasay City,5575000,4360000,1215000,0.2179,Completed,Paid,Online Transfer,184,Flores,Simulated Gigatech-style data for academic dashboard use; patterned after construction/engineering service categories
GTX-2024-0064,2024-07-05,2024,2024-07,Q3,Pasay Commercial Center,Perimeter Fence Works - Pasay Commercial Center,Civil Works,Perimeter Fence Works,Davao City,5125000,4310000,815000,0.159,Completed,Paid,Bank Transfer,414,Garcia,Simulated Gigatech-style data for academic dashboard use; patterned after construction/engineering service categories
GTX-2024-0065,2024-07-05,2024,2024-07,Q3,Pampanga Medical Suites,Commercial Space Renovation - Pampanga Medical Suites,Renovation and Rehabilitation,Commercial Space Renovation,Cebu City,1370000,1145000,225000,0.1642,Completed,Paid,Check Payment,121,Santos,Simulated Gigatech-style data for academic dashboard use; patterned after construction/engineering service categories
GTX-2024-0066,2024-07-07,2024,2024-07,Q3,South Luzon Warehousing,Painting and Finishing Package - South Luzon Warehousing,Architectural Works,Painting and Finishing Package,Pampanga,2095000,1485000,610000,0.2912,Completed,Partially Paid,Online Transfer,379,Garcia,Simulated Gigatech-style data for academic dashboard use; patterned after construction/engineering service categories
GTX-2024-0067,2024-07-10,2024,2024-07,Q3,Cebu Condo Board,Fire Line Repair Works - Cebu Condo Board,Fire Protection Works,Fire Line Repair Works,Las Pinas City,2165000,1730000,435000,0.2009,Completed,Partially Paid,Online Transfer,294,Torres,Simulated Gigatech-style data for academic dashboard use; patterned after construction/engineering service categories
GTX-2024-0068,2024-07-11,2024,2024-07,Q3,Paranaque Logistics Hub,Fire Protection System Upgrade - Paranaque Logistics Hub,Fire Protection Works,Fire Protection System Upgrade,Iloilo City,2735000,2020000,715000,0.2614,For Billing,Unpaid,Check Payment,268,Flores,Simulated Gigatech-style data for academic dashboard use; patterned after construction/engineering service categories
GTX-2024-0069,2024-07-22,2024,2024-07,Q3,Taguig Condo Association,Lighting and Wiring Package - Taguig Condo Association,General Electrical Works,Lighting and Wiring Package,Cavite,750000,590000,160000,0.2133,Completed,Paid,Bank Transfer,193,Ramos,Simulated Gigatech-style data for academic dashboard use; patterned after construction/engineering service categories
GTX-2024-0070,2024-07-23,2024,2024-07,Q3,Caloocan Warehouse Group,Interior Finishing Works - Caloocan Warehouse Group,Architectural Works,Interior Finishing Works,BGC Taguig,2095000,1510000,585000,0.2792,Completed,Paid,Progress Billing,35,Villanueva,Simulated Gigatech-style data for academic dashboard use; patterned after construction/engineering service categories
GTX-2024-0071,2024-07-23,2024,2024-07,Q3,Quezon City Estate Group,MEPFS Rough-in Works - Quezon City Estate Group,MEPFS Works,MEPFS Rough-in Works,Batangas,5860000,4605000,1255000,0.2142,Completed,Unpaid,Cash Deposit,184,Villanueva,Simulated Gigatech-style data for academic dashboard use; patterned after construction/engineering service categories
GTX-2024-0072,2024-07-25,2024,2024-07,Q3,Rizal Housing Cooperative,Lighting and Wiring Package - Rizal Housing Cooperative,General Electrical Works,Lighting and Wiring Package,Batangas,3735000,2555000,1180000,0.3159,Completed,Partially Paid,Cash Deposit,100,Santos,Simulated Gigatech-style data for academic dashboard use; patterned after construction/engineering service categories
GTX-2024-0073,2024-07-29,2024,2024-07,Q3,Mandaue Commercial Hub,Sprinkler System Installation - Mandaue Commercial Hub,Fire Protection Works,Sprinkler System Installation,Cebu City,1640000,1355000,285000,0.1738,Completed,Paid,Bank Transfer,396,Villanueva,Simulated Gigatech-style data for academic dashboard use; patterned after construction/engineering service categories
GTX-2024-0074,2024-08-04,2024,2024-08,Q3,Mandaue Commercial Hub,Integrated Building Services Package - Mandaue Commercial Hub,MEPFS Works,Integrated Building Services Package,Davao City,7170000,5925000,1245000,0.1736,Completed,Partially Paid,Progress Billing,199,Flores,Simulated Gigatech-style data for academic dashboard use; patterned after construction/engineering service categories
GTX-2024-0075,2024-08-06,2024,2024-08,Q3,Mandaue Commercial Hub,Plumbing Line Installation - Mandaue Commercial Hub,Plumbing and Sanitary Works,Plumbing Line Installation,Pasay City,1885000,1390000,495000,0.2626,Completed,Paid,Progress Billing,102,Santos,Simulated Gigatech-style data for academic dashboard use; patterned after construction/engineering service categories
GTX-2024-0076,2024-08-13,2024,2024-08,Q3,Cebu Condo Board,Access Control Installation - Cebu Condo Board,Auxiliary Works,Access Control Installation,Cebu City,1400000,960000,440000,0.3143,Completed,Paid,Cash Deposit,229,Garcia,Simulated Gigatech-style data for academic dashboard use; patterned after construction/engineering service categories
GTX-2024-0077,2024-08-14,2024,2024-08,Q3,Metro Build Corporation,MEPFS Rough-in Works - Metro Build Corporation,MEPFS Works,MEPFS Rough-in Works,Iloilo City,6035000,4800000,1235000,0.2046,Completed,Paid,Progress Billing,228,Villanueva,Simulated Gigatech-style data for academic dashboard use; patterned after construction/engineering service categories
GTX-2024-0078,2024-08-18,2024,2024-08,Q3,Davao Retail Center,Integrated Building Services Package - Davao Retail Center,MEPFS Works,Integrated Building Services Package,Bulacan,1740000,1230000,510000,0.2931,Completed,Paid,Check Payment,247,Torres,Simulated Gigatech-style data for academic dashboard use; patterned after construction/engineering service categories
GTX-2024-0079,2024-08-23,2024,2024-08,Q3,Tarlac Industrial Estate,Fire Pump and FDAS Integration - Tarlac Industrial Estate,Fire Protection Works,Fire Pump and FDAS Integration,Davao City,2705000,2045000,660000,0.244,For Billing,Partially Paid,Progress Billing,394,Cruz,Simulated Gigatech-style data for academic dashboard use; patterned after construction/engineering service categories
GTX-2024-0080,2024-08-25,2024,2024-08,Q3,Pampanga Medical Suites,Air Conditioning System Installation - Pampanga Medical Suites,HVAC Works,Air Conditioning System Installation,Pampanga,3515000,2650000,865000,0.2461,Completed,Partially Paid,Progress Billing,37,Villanueva,Simulated Gigatech-style data for academic dashboard use; patterned after construction/engineering service categories
GTX-2024-0081,2024-08-25,2024,2024-08,Q3,Pasay Commercial Center,Network and Communication Works - Pasay Commercial Center,Auxiliary Works,Network and Communication Works,Tarlac,1240000,815000,425000,0.3427,Completed,Paid,Bank Transfer,91,Torres,Simulated Gigatech-style data for academic dashboard use; patterned after construction/engineering service categories
GTX-2024-0082,2024-08-26,2024,2024-08,Q3,Metro Build Corporation,Painting and Finishing Package - Metro Build Corporation,Architectural Works,Painting and Finishing Package,Bulacan,1190000,955000,235000,0.1975,Completed,Paid,Check Payment,21,Ramos,Simulated Gigatech-style data for academic dashboard use; patterned after construction/engineering service categories
GTX-2024-0083,2024-08-27,2024,2024-08,Q3,Makati Business Tower,Network and Communication Works - Makati Business Tower,Auxiliary Works,Network and Communication Works,Pampanga,1585000,1300000,285000,0.1798,Completed,Paid,Progress Billing,125,Flores,Simulated Gigatech-style data for academic dashboard use; patterned after construction/engineering service categories
GTX-2024-0084,2024-08-28,2024,2024-08,Q3,Bulacan Builders Group,MEPFS Package for Commercial Building - Bulacan Builders Group,MEPFS Works,MEPFS Package for Commercial Building,Cebu City,1635000,1320000,315000,0.1927,Completed,Paid,Online Transfer,358,Ramos,Simulated Gigatech-style data for academic dashboard use; patterned after construction/engineering service categories
GTX-2024-0085,2024-09-07,2024,2024-09,Q3,Batangas Manufacturing Plant,Fire Pump and FDAS Integration - Batangas Manufacturing Plant,Fire Protection Works,Fire Pump and FDAS Integration,Las Pinas City,1880000,1500000,380000,0.2021,For Billing,Unpaid,Check Payment,118,Flores,Simulated Gigatech-style data for academic dashboard use; patterned after construction/engineering service categories
GTX-2024-0086,2024-09-09,2024,2024-09,Q3,Quezon City Estate Group,Network and Communication Works - Quezon City Estate Group,Auxiliary Works,Network and Communication Works,Muntinlupa City,1100000,845000,255000,0.2318,Completed,Paid,Bank Transfer,112,Torres,Simulated Gigatech-style data for academic dashboard use; patterned after construction/engineering service categories
GTX-2024-0087,2024-09-09,2024,2024-09,Q3,Cavite Landholdings,Sanitary Line Upgrade - Cavite Landholdings,Plumbing and Sanitary Works,Sanitary Line Upgrade,Pampanga,1940000,1450000,490000,0.2526,For Billing,Unpaid,Check Payment,100,Flores,Simulated Gigatech-style data for academic dashboard use; patterned after construction/engineering service categories
GTX-2024-0088,2024-09-13,2024,2024-09,Q3,Davao Retail Center,Facade Improvement - Davao Retail Center,Architectural Works,Facade Improvement,Muntinlupa City,1450000,1060000,390000,0.269,Completed,Paid,Online Transfer,23,Flores,Simulated Gigatech-style data for academic dashboard use; patterned after construction/engineering service categories
GTX-2024-0089,2024-09-16,2024,2024-09,Q3,Rizal Housing Cooperative,Drainage and Road Works - Rizal Housing Cooperative,Civil Works,Drainage and Road Works,Pampanga,4055000,3215000,840000,0.2072,Completed,Paid,Progress Billing,112,Dela Cruz,Simulated Gigatech-style data for academic dashboard use; patterned after construction/engineering service categories
GTX-2024-0090,2024-09-16,2024,2024-09,Q3,South Luzon Warehousing,MEPFS Package for Commercial Building - South Luzon Warehousing,MEPFS Works,MEPFS Package for Commercial Building,Cebu City,2860000,2410000,450000,0.1573,Completed,Paid,Progress Billing,74,Torres,Simulated Gigatech-style data for academic dashboard use; patterned after construction/engineering service categories
GTX-2024-0091,2024-09-18,2024,2024-09,Q3,Metro Build Corporation,Building Renovation - Metro Build Corporation,Architectural Works,Building Renovation,Davao City,1815000,1405000,410000,0.2259,Delayed,Unpaid,Progress Billing,380,Ramos,Simulated Gigatech-style data for academic dashboard use; patterned after construction/engineering service categories
GTX-2024-0092,2024-09-21,2024,2024-09,Q3,Davao Retail Center,MEPFS Upgrade for Condominium - Davao Retail Center,MEPFS Works,MEPFS Upgrade for Condominium,Davao City,5045000,3930000,1115000,0.221,Completed,Paid,Check Payment,118,Ramos,Simulated Gigatech-style data for academic dashboard use; patterned after construction/engineering service categories
GTX-2024-0093,2024-09-22,2024,2024-09,Q3,Laguna Industrial Park,Site Development Works - Laguna Industrial Park,Civil Works,Site Development Works,Ortigas Center,3755000,3010000,745000,0.1984,Completed,Paid,Progress Billing,120,Dela Cruz,Simulated Gigatech-style data for academic dashboard use; patterned after construction/engineering service categories
GTX-2024-0094,2024-09-30,2024,2024-09,Q3,BGC Hotel Group,Mechanical Equipment Installation - BGC Hotel Group,Mechanical Works,Mechanical Equipment Installation,Mandaue City,3775000,2745000,1030000,0.2728,Delayed,Partially Paid,Bank Transfer,69,Mendoza,Simulated Gigatech-style data for academic dashboard use; patterned after construction/engineering service categories
GTX-2024-0095,2024-10-01,2024,2024-10,Q4,Nuvali Property Office,MEPFS Upgrade for Condominium - Nuvali Property Office,MEPFS Works,MEPFS Upgrade for Condominium,Tarlac,4675000,3305000,1370000,0.293,Completed,Paid,Online Transfer,307,Garcia,Simulated Gigatech-style data for academic dashboard use; patterned after construction/engineering service categories
GTX-2024-0096,2024-10-02,2024,2024-10,Q4,Cavite Landholdings,Structural Retrofitting - Cavite Landholdings,Structural Works,Structural Retrofitting,Pampanga,3260000,2405000,855000,0.2623,Completed,Partially Paid,Progress Billing,356,Ramos,Simulated Gigatech-style data for academic dashboard use; patterned after construction/engineering service categories
GTX-2024-0097,2024-10-03,2024,2024-10,Q4,Cebu Condo Board,Condominium Structural Package - Cebu Condo Board,Structural Works,Condominium Structural Package,Ortigas Center,4195000,3130000,1065000,0.2539,Completed,Partially Paid,Progress Billing,131,Flores,Simulated Gigatech-style data for academic dashboard use; patterned after construction/engineering service categories
GTX-2024-0098,2024-10-10,2024,2024-10,Q4,BGC Hotel Group,Interior Finishing Works - BGC Hotel Group,Architectural Works,Interior Finishing Works,Cebu City,1745000,1235000,510000,0.2923,Completed,Paid,Check Payment,176,Santos,Simulated Gigatech-style data for academic dashboard use; patterned after construction/engineering service categories
GTX-2024-0099,2024-10-13,2024,2024-10,Q4,Tarlac Industrial Estate,MEPFS Package for Commercial Building - Tarlac Industrial Estate,MEPFS Works,MEPFS Package for Commercial Building,Davao City,2605000,1925000,680000,0.261,Completed,Paid,Bank Transfer,148,Villanueva,Simulated Gigatech-style data for academic dashboard use; patterned after construction/engineering service categories
GTX-2024-0100,2024-10-17,2024,2024-10,Q4,Paranaque Logistics Hub,Generator and Transfer Switch Works - Paranaque Logistics Hub,General Electrical Works,Generator and Transfer Switch Works,BGC Taguig,1995000,1685000,310000,0.1554,Completed,Paid,Online Transfer,179,Ramos,Simulated Gigatech-style data for academic dashboard use; patterned after construction/engineering service categories
GTX-2024-0101,2024-10-21,2024,2024-10,Q4,Caloocan Warehouse Group,Commercial Space Renovation - Caloocan Warehouse Group,Renovation and Rehabilitation,Commercial Space Renovation,Las Pinas City,770000,585000,185000,0.2403,For Billing,Unpaid,Online Transfer,330,Santos,Simulated Gigatech-style data for academic dashboard use; patterned after construction/engineering service categories
GTX-2024-0102,2024-10-21,2024,2024-10,Q4,Metro Build Corporation,Fire Line Repair Works - Metro Build Corporation,Fire Protection Works,Fire Line Repair Works,Rizal,1825000,1320000,505000,0.2767,Completed,Paid,Bank Transfer,108,Flores,Simulated Gigatech-style data for academic dashboard use; patterned after construction/engineering service categories
GTX-2024-0103,2024-10-25,2024,2024-10,Q4,South Luzon Warehousing,Ventilation System Works - South Luzon Warehousing,Mechanical Works,Ventilation System Works,Makati City,2250000,1740000,510000,0.2267,For Billing,Unpaid,Progress Billing,164,Dela Cruz,Simulated Gigatech-style data for academic dashboard use; patterned after construction/engineering service categories
GTX-2024-0104,2024-10-29,2024,2024-10,Q4,Cebu Realty Ventures,Office Building Rehabilitation - Cebu Realty Ventures,Renovation and Rehabilitation,Office Building Rehabilitation,Tarlac,805000,640000,165000,0.205,Completed,Paid,Cash Deposit,239,Garcia,Simulated Gigatech-style data for academic dashboard use; patterned after construction/engineering service categories
GTX-2024-0105,2024-11-04,2024,2024-11,Q4,Makati Business Tower,Plumbing Line Installation - Makati Business Tower,Plumbing and Sanitary Works,Plumbing Line Installation,BGC Taguig,535000,385000,150000,0.2804,For Billing,Unpaid,Check Payment,97,Garcia,Simulated Gigatech-style data for academic dashboard use; patterned after construction/engineering service categories
GTX-2024-0106,2024-11-05,2024,2024-11,Q4,South Luzon Warehousing,Pumping System Installation - South Luzon Warehousing,Mechanical Works,Pumping System Installation,Makati City,2735000,1930000,805000,0.2943,Completed,Paid,Progress Billing,397,Villanueva,Simulated Gigatech-style data for academic dashboard use; patterned after construction/engineering service categories
GTX-2024-0107,2024-11-07,2024,2024-11,Q4,Cavite Landholdings,Building Renovation - Cavite Landholdings,Architectural Works,Building Renovation,Muntinlupa City,2220000,1550000,670000,0.3018,For Billing,Unpaid,Bank Transfer,240,Villanueva,Simulated Gigatech-style data for academic dashboard use; patterned after construction/engineering service categories
GTX-2024-0108,2024-11-14,2024,2024-11,Q4,BGC Hotel Group,Ceiling and Partition Works - BGC Hotel Group,Architectural Works,Ceiling and Partition Works,Cavite,1720000,1280000,440000,0.2558,Completed,Partially Paid,Check Payment,339,Villanueva,Simulated Gigatech-style data for academic dashboard use; patterned after construction/engineering service categories
GTX-2024-0109,2024-11-14,2024,2024-11,Q4,Rizal Housing Cooperative,Sprinkler System Installation - Rizal Housing Cooperative,Fire Protection Works,Sprinkler System Installation,Makati City,2260000,1800000,460000,0.2035,Completed,Unpaid,Online Transfer,309,Dela Cruz,Simulated Gigatech-style data for academic dashboard use; patterned after construction/engineering service categories
GTX-2024-0110,2024-11-15,2024,2024-11,Q4,Metro Build Corporation,Foundation and Column Works - Metro Build Corporation,Structural Works,Foundation and Column Works,Bulacan,4480000,3755000,725000,0.1618,Completed,Partially Paid,Online Transfer,24,Flores,Simulated Gigatech-style data for academic dashboard use; patterned after construction/engineering service categories
GTX-2024-0111,2024-11-15,2024,2024-11,Q4,Cebu Condo Board,Drainage and Road Works - Cebu Condo Board,Civil Works,Drainage and Road Works,Mandaue City,975000,685000,290000,0.2974,Completed,Paid,Bank Transfer,158,Flores,Simulated Gigatech-style data for academic dashboard use; patterned after construction/engineering service categories
GTX-2024-0112,2024-11-22,2024,2024-11,Q4,Mandaue Commercial Hub,FDAS and Alarm System Works - Mandaue Commercial Hub,Auxiliary Works,FDAS and Alarm System Works,Pampanga,610000,450000,160000,0.2623,Completed,Partially Paid,Check Payment,69,Dela Cruz,Simulated Gigatech-style data for academic dashboard use; patterned after construction/engineering service categories
GTX-2024-0113,2024-11-25,2024,2024-11,Q4,Ortigas Property Management,Condominium Structural Package - Ortigas Property Management,Structural Works,Condominium Structural Package,Tarlac,3885000,3240000,645000,0.166,Delayed,Partially Paid,Online Transfer,261,Ramos,Simulated Gigatech-style data for academic dashboard use; patterned after construction/engineering service categories
GTX-2024-0114,2024-11-26,2024,2024-11,Q4,Paranaque Logistics Hub,Perimeter Fence Works - Paranaque Logistics Hub,Civil Works,Perimeter Fence Works,Las Pinas City,960000,730000,230000,0.2396,Completed,Unpaid,Bank Transfer,80,Torres,Simulated Gigatech-style data for academic dashboard use; patterned after construction/engineering service categories
GTX-2024-0115,2024-11-27,2024,2024-11,Q4,NCR Office Suites,Generator and Transfer Switch Works - NCR Office Suites,General Electrical Works,Generator and Transfer Switch Works,Laguna,2200000,1785000,415000,0.1886,Completed,Partially Paid,Bank Transfer,338,Ramos,Simulated Gigatech-style data for academic dashboard use; patterned after construction/engineering service categories
GTX-2024-0116,2024-11-28,2024,2024-11,Q4,Cavite Landholdings,FDAS and Alarm System Works - Cavite Landholdings,Auxiliary Works,FDAS and Alarm System Works,Laguna,1025000,790000,235000,0.2293,Completed,Paid,Check Payment,293,Dela Cruz,Simulated Gigatech-style data for academic dashboard use; patterned after construction/engineering service categories
GTX-2024-0117,2024-11-30,2024,2024-11,Q4,Iloilo Business Park,School Facility Repair - Iloilo Business Park,Renovation and Rehabilitation,School Facility Repair,Ortigas Center,2950000,2090000,860000,0.2915,For Billing,Partially Paid,Cash Deposit,286,Ramos,Simulated Gigatech-style data for academic dashboard use; patterned after construction/engineering service categories
GTX-2024-0118,2024-12-07,2024,2024-12,Q4,Muntinlupa Town Center,FDAS and Alarm System Works - Muntinlupa Town Center,Auxiliary Works,FDAS and Alarm System Works,Cavite,1375000,1030000,345000,0.2509,Completed,Paid,Online Transfer,366,Ramos,Simulated Gigatech-style data for academic dashboard use; patterned after construction/engineering service categories
GTX-2024-0119,2024-12-08,2024,2024-12,Q4,Northpoint Realty,Facade Improvement - Northpoint Realty,Architectural Works,Facade Improvement,Mandaue City,455000,370000,85000,0.1868,Completed,Paid,Cash Deposit,155,Cruz,Simulated Gigatech-style data for academic dashboard use; patterned after construction/engineering service categories
GTX-2024-0120,2024-12-09,2024,2024-12,Q4,Alabang Corporate Center,Network and Communication Works - Alabang Corporate Center,Auxiliary Works,Network and Communication Works,BGC Taguig,900000,640000,260000,0.2889,Completed,Partially Paid,Online Transfer,314,Cruz,Simulated Gigatech-style data for academic dashboard use; patterned after construction/engineering service categories
GTX-2024-0121,2024-12-10,2024,2024-12,Q4,South Luzon Warehousing,Fire Protection System Upgrade - South Luzon Warehousing,Fire Protection Works,Fire Protection System Upgrade,Quezon City,3010000,2110000,900000,0.299,Completed,Paid,Cash Deposit,111,Ramos,Simulated Gigatech-style data for academic dashboard use; patterned after construction/engineering service categories
GTX-2024-0122,2024-12-14,2024,2024-12,Q4,Cebu Condo Board,Access Control Installation - Cebu Condo Board,Auxiliary Works,Access Control Installation,Quezon City,1755000,1140000,615000,0.3504,Completed,Paid,Check Payment,252,Dela Cruz,Simulated Gigatech-style data for academic dashboard use; patterned after construction/engineering service categories
GTX-2024-0123,2024-12-19,2024,2024-12,Q4,Alabang Corporate Center,Foundation and Column Works - Alabang Corporate Center,Structural Works,Foundation and Column Works,Davao City,4065000,2970000,1095000,0.2694,Completed,Paid,Cash Deposit,56,Torres,Simulated Gigatech-style data for academic dashboard use; patterned after construction/engineering service categories
GTX-2024-0124,2024-12-21,2024,2024-12,Q4,Las Pinas Residences,Ceiling and Partition Works - Las Pinas Residences,Architectural Works,Ceiling and Partition Works,Las Pinas City,2480000,2015000,465000,0.1875,Completed,Paid,Bank Transfer,52,Garcia,Simulated Gigatech-style data for academic dashboard use; patterned after construction/engineering service categories
GTX-2024-0125,2024-12-23,2024,2024-12,Q4,Makati Business Tower,Sprinkler System Installation - Makati Business Tower,Fire Protection Works,Sprinkler System Installation,BGC Taguig,675000,475000,200000,0.2963,Completed,Partially Paid,Progress Billing,116,Torres,Simulated Gigatech-style data for academic dashboard use; patterned after construction/engineering service categories
GTX-2024-0126,2024-12-25,2024,2024-12,Q4,Laguna Industrial Park,Pumping System Installation - Laguna Industrial Park,Mechanical Works,Pumping System Installation,Cebu City,4375000,3565000,810000,0.1851,Completed,Paid,Cash Deposit,330,Garcia,Simulated Gigatech-style data for academic dashboard use; patterned after construction/engineering service categories
GTX-2025-0127,2025-01-02,2025,2025-01,Q1,BGC Hotel Group,MEPFS Package for Commercial Building - BGC Hotel Group,MEPFS Works,MEPFS Package for Commercial Building,Muntinlupa City,4945000,3925000,1020000,0.2063,For Billing,Unpaid,Check Payment,36,Torres,Simulated Gigatech-style data for academic dashboard use; patterned after construction/engineering service categories
GTX-2025-0128,2025-01-04,2025,2025-01,Q1,Iloilo Business Park,Sanitary Line Upgrade - Iloilo Business Park,Plumbing and Sanitary Works,Sanitary Line Upgrade,Ortigas Center,1405000,1010000,395000,0.2811,Delayed,Partially Paid,Progress Billing,155,Flores,Simulated Gigatech-style data for academic dashboard use; patterned after construction/engineering service categories
GTX-2025-0129,2025-01-05,2025,2025-01,Q1,Bulacan Builders Group,Interior Finishing Works - Bulacan Builders Group,Architectural Works,Interior Finishing Works,Tarlac,2715000,2195000,520000,0.1915,Delayed,Unpaid,Check Payment,234,Reyes,Simulated Gigatech-style data for academic dashboard use; patterned after construction/engineering service categories
GTX-2025-0130,2025-01-07,2025,2025-01,Q1,Davao Retail Center,Foundation and Column Works - Davao Retail Center,Structural Works,Foundation and Column Works,Iloilo City,3315000,2700000,615000,0.1855,Completed,Paid,Cash Deposit,328,Flores,Simulated Gigatech-style data for academic dashboard use; patterned after construction/engineering service categories
GTX-2025-0131,2025-01-16,2025,2025-01,Q1,Mandaue Commercial Hub,Painting and Finishing Package - Mandaue Commercial Hub,Architectural Works,Painting and Finishing Package,Cebu City,2095000,1780000,315000,0.1504,Completed,Paid,Online Transfer,145,Cruz,Simulated Gigatech-style data for academic dashboard use; patterned after construction/engineering service categories
GTX-2025-0132,2025-01-17,2025,2025-01,Q1,Iloilo Business Park,School Facility Repair - Iloilo Business Park,Renovation and Rehabilitation,School Facility Repair,Paranaque City,2865000,2045000,820000,0.2862,For Billing,Unpaid,Check Payment,321,Torres,Simulated Gigatech-style data for academic dashboard use; patterned after construction/engineering service categories
GTX-2025-0133,2025-01-18,2025,2025-01,Q1,Quezon City Estate Group,Structural Retrofitting - Quezon City Estate Group,Structural Works,Structural Retrofitting,Davao City,3380000,2415000,965000,0.2855,For Billing,Unpaid,Bank Transfer,169,Ramos,Simulated Gigatech-style data for academic dashboard use; patterned after construction/engineering service categories
GTX-2025-0134,2025-01-22,2025,2025-01,Q1,Cavite Landholdings,Condominium Structural Package - Cavite Landholdings,Structural Works,Condominium Structural Package,Bulacan,5355000,4545000,810000,0.1513,Completed,Paid,Online Transfer,333,Flores,Simulated Gigatech-style data for academic dashboard use; patterned after construction/engineering service categories
GTX-2025-0135,2025-01-23,2025,2025-01,Q1,Greenfield Developers,CCTV and Structured Cabling - Greenfield Developers,Auxiliary Works,CCTV and Structured Cabling,Ortigas Center,1335000,1005000,330000,0.2472,Completed,Paid,Check Payment,349,Mendoza,Simulated Gigatech-style data for academic dashboard use; patterned after construction/engineering service categories
GTX-2025-0136,2025-01-24,2025,2025-01,Q1,Taguig Condo Association,Water Supply System Works - Taguig Condo Association,Plumbing and Sanitary Works,Water Supply System Works,Mandaue City,1040000,875000,165000,0.1587,Completed,Paid,Online Transfer,330,Torres,Simulated Gigatech-style data for academic dashboard use; patterned after construction/engineering service categories
GTX-2025-0137,2025-01-29,2025,2025-01,Q1,Davao Retail Center,Pumping System Installation - Davao Retail Center,Mechanical Works,Pumping System Installation,Cavite,2010000,1650000,360000,0.1791,Completed,Paid,Online Transfer,46,Villanueva,Simulated Gigatech-style data for academic dashboard use; patterned after construction/engineering service categories
GTX-2025-0138,2025-02-03,2025,2025-02,Q1,Taguig Condo Association,MEPFS Rough-in Works - Taguig Condo Association,MEPFS Works,MEPFS Rough-in Works,Muntinlupa City,2590000,1975000,615000,0.2375,Completed,Paid,Bank Transfer,287,Garcia,Simulated Gigatech-style data for academic dashboard use; patterned after construction/engineering service categories
GTX-2025-0139,2025-02-04,2025,2025-02,Q1,Greenfield Developers,Drainage and Road Works - Greenfield Developers,Civil Works,Drainage and Road Works,Paranaque City,3180000,2290000,890000,0.2799,For Billing,Unpaid,Bank Transfer,167,Ramos,Simulated Gigatech-style data for academic dashboard use; patterned after construction/engineering service categories
GTX-2025-0140,2025-02-04,2025,2025-02,Q1,Manila School Foundation,Steel Framing Works - Manila School Foundation,Structural Works,Steel Framing Works,Makati City,2075000,1525000,550000,0.2651,Completed,Paid,Progress Billing,263,Cruz,Simulated Gigatech-style data for academic dashboard use; patterned after construction/engineering service categories
GTX-2025-0141,2025-02-06,2025,2025-02,Q1,Northpoint Realty,Mechanical Equipment Installation - Northpoint Realty,Mechanical Works,Mechanical Equipment Installation,Ortigas Center,1735000,1455000,280000,0.1614,Completed,Paid,Cash Deposit,141,Garcia,Simulated Gigatech-style data for academic dashboard use; patterned after construction/engineering service categories
GTX-2025-0142,2025-02-15,2025,2025-02,Q1,Rizal Housing Cooperative,FDAS and Alarm System Works - Rizal Housing Cooperative,Auxiliary Works,FDAS and Alarm System Works,Las Pinas City,1085000,735000,350000,0.3226,For Billing,Partially Paid,Check Payment,41,Reyes,Simulated Gigatech-style data for academic dashboard use; patterned after construction/engineering service categories
GTX-2025-0143,2025-02-16,2025,2025-02,Q1,Muntinlupa Town Center,Network and Communication Works - Muntinlupa Town Center,Auxiliary Works,Network and Communication Works,Mandaue City,1240000,950000,290000,0.2339,Completed,Paid,Bank Transfer,302,Villanueva,Simulated Gigatech-style data for academic dashboard use; patterned after construction/engineering service categories
GTX-2025-0144,2025-02-17,2025,2025-02,Q1,Ortigas Property Management,Painting and Finishing Package - Ortigas Property Management,Architectural Works,Painting and Finishing Package,Manila,885000,670000,215000,0.2429,Completed,Paid,Cash Deposit,254,Mendoza,Simulated Gigatech-style data for academic dashboard use; patterned after construction/engineering service categories
GTX-2025-0145,2025-02-19,2025,2025-02,Q1,Paranaque Logistics Hub,MEPFS Upgrade for Condominium - Paranaque Logistics Hub,MEPFS Works,MEPFS Upgrade for Condominium,Laguna,6725000,5175000,1550000,0.2305,Completed,Paid,Cash Deposit,370,Cruz,Simulated Gigatech-style data for academic dashboard use; patterned after construction/engineering service categories
GTX-2025-0146,2025-02-26,2025,2025-02,Q1,Ortigas Property Management,MEPFS Package for Commercial Building - Ortigas Property Management,MEPFS Works,MEPFS Package for Commercial Building,Cebu City,5060000,4085000,975000,0.1927,Completed,Paid,Bank Transfer,272,Mendoza,Simulated Gigatech-style data for academic dashboard use; patterned after construction/engineering service categories
GTX-2025-0147,2025-03-02,2025,2025-03,Q1,Davao Retail Center,MEPFS Package for Commercial Building - Davao Retail Center,MEPFS Works,MEPFS Package for Commercial Building,Quezon City,3895000,3055000,840000,0.2157,For Billing,Unpaid,Online Transfer,255,Ramos,Simulated Gigatech-style data for academic dashboard use; patterned after construction/engineering service categories
GTX-2025-0148,2025-03-09,2025,2025-03,Q1,Paranaque Logistics Hub,Painting and Finishing Package - Paranaque Logistics Hub,Architectural Works,Painting and Finishing Package,Pasay City,465000,390000,75000,0.1613,Completed,Paid,Bank Transfer,310,Ramos,Simulated Gigatech-style data for academic dashboard use; patterned after construction/engineering service categories
GTX-2025-0149,2025-03-10,2025,2025-03,Q1,Laguna Industrial Park,Interior Finishing Works - Laguna Industrial Park,Architectural Works,Interior Finishing Works,BGC Taguig,1990000,1485000,505000,0.2538,Completed,Paid,Bank Transfer,194,Dela Cruz,Simulated Gigatech-style data for academic dashboard use; patterned after construction/engineering service categories
GTX-2025-0150,2025-03-12,2025,2025-03,Q1,Pasay Commercial Center,Electrical System Upgrade - Pasay Commercial Center,General Electrical Works,Electrical System Upgrade,BGC Taguig,3010000,2115000,895000,0.2973,Completed,Paid,Check Payment,210,Santos,Simulated Gigatech-style data for academic dashboard use; patterned after construction/engineering service categories
GTX-2025-0151,2025-03-13,2025,2025-03,Q1,Iloilo Business Park,Condo Common Area Renovation - Iloilo Business Park,Renovation and Rehabilitation,Condo Common Area Renovation,BGC Taguig,2525000,2050000,475000,0.1881,Completed,Paid,Bank Transfer,86,Ramos,Simulated Gigatech-style data for academic dashboard use; patterned after construction/engineering service categories
GTX-2025-0152,2025-03-16,2025,2025-03,Q1,Bulacan Builders Group,Mechanical Equipment Installation - Bulacan Builders Group,Mechanical Works,Mechanical Equipment Installation,Cavite,3390000,2630000,760000,0.2242,Completed,Paid,Cash Deposit,370,Dela Cruz,Simulated Gigatech-style data for academic dashboard use; patterned after construction/engineering service categories
GTX-2025-0153,2025-03-17,2025,2025-03,Q1,Nuvali Property Office,Lighting and Wiring Package - Nuvali Property Office,General Electrical Works,Lighting and Wiring Package,Iloilo City,2340000,1755000,585000,0.25,Completed,Paid,Check Payment,142,Reyes,Simulated Gigatech-style data for academic dashboard use; patterned after construction/engineering service categories
GTX-2025-0154,2025-03-18,2025,2025-03,Q1,NCR Office Suites,Condo Common Area Renovation - NCR Office Suites,Renovation and Rehabilitation,Condo Common Area Renovation,Bulacan,1120000,810000,310000,0.2768,Completed,Partially Paid,Bank Transfer,395,Cruz,Simulated Gigatech-style data for academic dashboard use; patterned after construction/engineering service categories
GTX-2025-0155,2025-03-26,2025,2025-03,Q1,Mandaue Commercial Hub,Structural Retrofitting - Mandaue Commercial Hub,Structural Works,Structural Retrofitting,Rizal,3435000,2455000,980000,0.2853,Completed,Paid,Progress Billing,334,Mendoza,Simulated Gigatech-style data for academic dashboard use; patterned after construction/engineering service categories
GTX-2025-0156,2025-03-28,2025,2025-03,Q1,Cebu Realty Ventures,MEPFS Upgrade for Condominium - Cebu Realty Ventures,MEPFS Works,MEPFS Upgrade for Condominium,Cebu City,2980000,2125000,855000,0.2869,For Billing,Unpaid,Bank Transfer,113,Villanueva,Simulated Gigatech-style data for academic dashboard use; patterned after construction/engineering service categories
GTX-2025-0157,2025-03-29,2025,2025-03,Q1,Northpoint Realty,Facade Improvement - Northpoint Realty,Architectural Works,Facade Improvement,Manila,2125000,1450000,675000,0.3176,Completed,Paid,Bank Transfer,56,Mendoza,Simulated Gigatech-style data for academic dashboard use; patterned after construction/engineering service categories
GTX-2025-0158,2025-03-31,2025,2025-03,Q1,Nuvali Property Office,Panel Board Installation - Nuvali Property Office,General Electrical Works,Panel Board Installation,Paranaque City,1900000,1530000,370000,0.1947,Completed,Paid,Online Transfer,224,Santos,Simulated Gigatech-style data for academic dashboard use; patterned after construction/engineering service categories
GTX-2025-0159,2025-04-04,2025,2025-04,Q2,Metro Build Corporation,Foundation and Column Works - Metro Build Corporation,Structural Works,Foundation and Column Works,Laguna,3980000,2830000,1150000,0.2889,Completed,Paid,Progress Billing,386,Flores,Simulated Gigatech-style data for academic dashboard use; patterned after construction/engineering service categories
GTX-2025-0160,2025-04-08,2025,2025-04,Q2,Mandaue Commercial Hub,FDAS and Alarm System Works - Mandaue Commercial Hub,Auxiliary Works,FDAS and Alarm System Works,Muntinlupa City,1485000,1050000,435000,0.2929,Completed,Paid,Progress Billing,78,Mendoza,Simulated Gigatech-style data for academic dashboard use; patterned after construction/engineering service categories
GTX-2025-0161,2025-04-11,2025,2025-04,Q2,Taguig Condo Association,Power Distribution Works - Taguig Condo Association,General Electrical Works,Power Distribution Works,Las Pinas City,1975000,1550000,425000,0.2152,For Billing,Partially Paid,Bank Transfer,86,Flores,Simulated Gigatech-style data for academic dashboard use; patterned after construction/engineering service categories
GTX-2025-0162,2025-04-12,2025,2025-04,Q2,Laguna Industrial Park,Integrated Building Services Package - Laguna Industrial Park,MEPFS Works,Integrated Building Services Package,Batangas,4590000,3355000,1235000,0.2691,For Billing,Unpaid,Online Transfer,385,Mendoza,Simulated Gigatech-style data for academic dashboard use; patterned after construction/engineering service categories
GTX-2025-0163,2025-04-16,2025,2025-04,Q2,Batangas Manufacturing Plant,Office Building Rehabilitation - Batangas Manufacturing Plant,Renovation and Rehabilitation,Office Building Rehabilitation,Muntinlupa City,1100000,830000,270000,0.2455,For Billing,Unpaid,Cash Deposit,55,Santos,Simulated Gigatech-style data for academic dashboard use; patterned after construction/engineering service categories
GTX-2025-0164,2025-04-18,2025,2025-04,Q2,South Luzon Warehousing,Facade Improvement - South Luzon Warehousing,Architectural Works,Facade Improvement,Batangas,690000,490000,200000,0.2899,Completed,Paid,Check Payment,119,Villanueva,Simulated Gigatech-style data for academic dashboard use; patterned after construction/engineering service categories
GTX-2025-0165,2025-04-18,2025,2025-04,Q2,Iloilo Business Park,Steel Framing Works - Iloilo Business Park,Structural Works,Steel Framing Works,Rizal,3220000,2560000,660000,0.205,Completed,Paid,Check Payment,93,Reyes,Simulated Gigatech-style data for academic dashboard use; patterned after construction/engineering service categories
GTX-2025-0166,2025-04-21,2025,2025-04,Q2,Tarlac Industrial Estate,Foundation and Column Works - Tarlac Industrial Estate,Structural Works,Foundation and Column Works,Batangas,1505000,1245000,260000,0.1728,Completed,Paid,Progress Billing,308,Santos,Simulated Gigatech-style data for academic dashboard use; patterned after construction/engineering service categories
GTX-2025-0167,2025-04-29,2025,2025-04,Q2,Pasay Commercial Center,Pumping System Installation - Pasay Commercial Center,Mechanical Works,Pumping System Installation,Laguna,3630000,2575000,1055000,0.2906,Completed,Paid,Online Transfer,56,Garcia,Simulated Gigatech-style data for academic dashboard use; patterned after construction/engineering service categories
GTX-2025-0168,2025-04-30,2025,2025-04,Q2,Las Pinas Residences,Panel Board Installation - Las Pinas Residences,General Electrical Works,Panel Board Installation,Batangas,710000,570000,140000,0.1972,Completed,Paid,Online Transfer,106,Cruz,Simulated Gigatech-style data for academic dashboard use; patterned after construction/engineering service categories
GTX-2025-0169,2025-05-01,2025,2025-05,Q2,Batangas Manufacturing Plant,Electrical System Upgrade - Batangas Manufacturing Plant,General Electrical Works,Electrical System Upgrade,Pampanga,1580000,1155000,425000,0.269,Completed,Paid,Cash Deposit,286,Flores,Simulated Gigatech-style data for academic dashboard use; patterned after construction/engineering service categories
GTX-2025-0170,2025-05-02,2025,2025-05,Q2,BGC Hotel Group,Facade Improvement - BGC Hotel Group,Architectural Works,Facade Improvement,Cebu City,1995000,1480000,515000,0.2581,Completed,Paid,Check Payment,215,Mendoza,Simulated Gigatech-style data for academic dashboard use; patterned after construction/engineering service categories
GTX-2025-0171,2025-05-03,2025,2025-05,Q2,Cavite Landholdings,Network and Communication Works - Cavite Landholdings,Auxiliary Works,Network and Communication Works,Las Pinas City,1155000,915000,240000,0.2078,Delayed,Partially Paid,Bank Transfer,131,Ramos,Simulated Gigatech-style data for academic dashboard use; patterned after construction/engineering service categories
GTX-2025-0172,2025-05-11,2025,2025-05,Q2,Cebu Realty Ventures,Access Control Installation - Cebu Realty Ventures,Auxiliary Works,Access Control Installation,Davao City,1755000,1435000,320000,0.1823,Completed,Paid,Progress Billing,41,Torres,Simulated Gigatech-style data for academic dashboard use; patterned after construction/engineering service categories
GTX-2025-0173,2025-05-12,2025,2025-05,Q2,Cebu Condo Board,Sprinkler System Installation - Cebu Condo Board,Fire Protection Works,Sprinkler System Installation,Iloilo City,1455000,1040000,415000,0.2852,Completed,Paid,Progress Billing,202,Torres,Simulated Gigatech-style data for academic dashboard use; patterned after construction/engineering service categories
GTX-2025-0174,2025-05-14,2025,2025-05,Q2,Rizal Housing Cooperative,Commercial Space Renovation - Rizal Housing Cooperative,Renovation and Rehabilitation,Commercial Space Renovation,Laguna,2685000,1870000,815000,0.3035,Completed,Partially Paid,Online Transfer,349,Santos,Simulated Gigatech-style data for academic dashboard use; patterned after construction/engineering service categories
GTX-2025-0175,2025-05-24,2025,2025-05,Q2,Las Pinas Residences,Plumbing Line Installation - Las Pinas Residences,Plumbing and Sanitary Works,Plumbing Line Installation,Laguna,470000,345000,125000,0.266,Completed,Paid,Cash Deposit,316,Reyes,Simulated Gigatech-style data for academic dashboard use; patterned after construction/engineering service categories
GTX-2025-0176,2025-05-25,2025,2025-05,Q2,NCR Office Suites,Ceiling and Partition Works - NCR Office Suites,Architectural Works,Ceiling and Partition Works,Laguna,2365000,1855000,510000,0.2156,Delayed,Paid,Online Transfer,134,Reyes,Simulated Gigatech-style data for academic dashboard use; patterned after construction/engineering service categories
GTX-2025-0177,2025-05-26,2025,2025-05,Q2,Caloocan Warehouse Group,School Facility Repair - Caloocan Warehouse Group,Renovation and Rehabilitation,School Facility Repair,Las Pinas City,3490000,2665000,825000,0.2364,Completed,Paid,Online Transfer,152,Villanueva,Simulated Gigatech-style data for academic dashboard use; patterned after construction/engineering service categories
GTX-2025-0178,2025-05-26,2025,2025-05,Q2,Makati Business Tower,Lighting and Wiring Package - Makati Business Tower,General Electrical Works,Lighting and Wiring Package,Muntinlupa City,2150000,1515000,635000,0.2953,Completed,Paid,Online Transfer,136,Dela Cruz,Simulated Gigatech-style data for academic dashboard use; patterned after construction/engineering service categories
GTX-2025-0179,2025-05-29,2025,2025-05,Q2,Metro Build Corporation,Panel Board Installation - Metro Build Corporation,General Electrical Works,Panel Board Installation,Las Pinas City,1575000,1145000,430000,0.273,Completed,Paid,Cash Deposit,416,Dela Cruz,Simulated Gigatech-style data for academic dashboard use; patterned after construction/engineering service categories
GTX-2025-0180,2025-05-29,2025,2025-05,Q2,Ortigas Property Management,Generator and Transfer Switch Works - Ortigas Property Management,General Electrical Works,Generator and Transfer Switch Works,Cebu City,2740000,2160000,580000,0.2117,Completed,Paid,Bank Transfer,180,Torres,Simulated Gigatech-style data for academic dashboard use; patterned after construction/engineering service categories
GTX-2025-0181,2025-06-06,2025,2025-06,Q2,Nuvali Property Office,Network and Communication Works - Nuvali Property Office,Auxiliary Works,Network and Communication Works,Cebu City,1580000,1215000,365000,0.231,Completed,Paid,Progress Billing,273,Torres,Simulated Gigatech-style data for academic dashboard use; patterned after construction/engineering service categories
GTX-2025-0182,2025-06-06,2025,2025-06,Q2,Paranaque Logistics Hub,Water Supply System Works - Paranaque Logistics Hub,Plumbing and Sanitary Works,Water Supply System Works,Pampanga,2280000,1620000,660000,0.2895,Completed,Paid,Online Transfer,413,Garcia,Simulated Gigatech-style data for academic dashboard use; patterned after construction/engineering service categories
GTX-2025-0183,2025-06-10,2025,2025-06,Q2,Northpoint Realty,Commercial Space Renovation - Northpoint Realty,Renovation and Rehabilitation,Commercial Space Renovation,Mandaue City,2335000,1615000,720000,0.3084,Completed,Paid,Cash Deposit,231,Garcia,Simulated Gigatech-style data for academic dashboard use; patterned after construction/engineering service categories
GTX-2025-0184,2025-06-17,2025,2025-06,Q2,Tarlac Industrial Estate,Commercial Unit Fit-Out - Tarlac Industrial Estate,Fit-Out Works,Commercial Unit Fit-Out,Manila,1805000,1225000,580000,0.3213,Completed,Paid,Online Transfer,328,Reyes,Simulated Gigatech-style data for academic dashboard use; patterned after construction/engineering service categories
GTX-2025-0185,2025-06-18,2025,2025-06,Q2,Rizal Housing Cooperative,CCTV and Structured Cabling - Rizal Housing Cooperative,Auxiliary Works,CCTV and Structured Cabling,Davao City,790000,570000,220000,0.2785,Completed,Partially Paid,Check Payment,317,Dela Cruz,Simulated Gigatech-style data for academic dashboard use; patterned after construction/engineering service categories
GTX-2025-0186,2025-06-21,2025,2025-06,Q2,Quezon City Estate Group,Network and Communication Works - Quezon City Estate Group,Auxiliary Works,Network and Communication Works,Quezon City,1540000,1260000,280000,0.1818,Completed,Paid,Check Payment,417,Santos,Simulated Gigatech-style data for academic dashboard use; patterned after construction/engineering service categories
GTX-2025-0187,2025-06-21,2025,2025-06,Q2,South Luzon Warehousing,MEPFS Package for Commercial Building - South Luzon Warehousing,MEPFS Works,MEPFS Package for Commercial Building,Makati City,2245000,1595000,650000,0.2895,Completed,Paid,Check Payment,114,Dela Cruz,Simulated Gigatech-style data for academic dashboard use; patterned after construction/engineering service categories
GTX-2025-0188,2025-06-27,2025,2025-06,Q2,Northpoint Realty,Painting and Finishing Package - Northpoint Realty,Architectural Works,Painting and Finishing Package,Batangas,2350000,1775000,575000,0.2447,Completed,Paid,Online Transfer,65,Cruz,Simulated Gigatech-style data for academic dashboard use; patterned after construction/engineering service categories
GTX-2025-0189,2025-07-03,2025,2025-07,Q3,Greenfield Developers,Foundation and Column Works - Greenfield Developers,Structural Works,Foundation and Column Works,Quezon City,3470000,2915000,555000,0.1599,Completed,Partially Paid,Cash Deposit,80,Cruz,Simulated Gigatech-style data for academic dashboard use; patterned after construction/engineering service categories
GTX-2025-0190,2025-07-07,2025,2025-07,Q3,Caloocan Warehouse Group,Electrical System Upgrade - Caloocan Warehouse Group,General Electrical Works,Electrical System Upgrade,Makati City,3240000,2315000,925000,0.2855,Completed,Paid,Cash Deposit,113,Reyes,Simulated Gigatech-style data for academic dashboard use; patterned after construction/engineering service categories
GTX-2025-0191,2025-07-07,2025,2025-07,Q3,Cavite Landholdings,Interior Finishing Works - Cavite Landholdings,Architectural Works,Interior Finishing Works,Tarlac,1930000,1480000,450000,0.2332,Completed,Paid,Progress Billing,119,Cruz,Simulated Gigatech-style data for academic dashboard use; patterned after construction/engineering service categories
GTX-2025-0192,2025-07-10,2025,2025-07,Q3,Iloilo Business Park,Access Control Installation - Iloilo Business Park,Auxiliary Works,Access Control Installation,Cebu City,1705000,1205000,500000,0.2933,Completed,Paid,Check Payment,187,Ramos,Simulated Gigatech-style data for academic dashboard use; patterned after construction/engineering service categories
GTX-2025-0193,2025-07-13,2025,2025-07,Q3,Quezon City Estate Group,Electrical System Upgrade - Quezon City Estate Group,General Electrical Works,Electrical System Upgrade,Cebu City,1045000,820000,225000,0.2153,Completed,Paid,Progress Billing,217,Garcia,Simulated Gigatech-style data for academic dashboard use; patterned after construction/engineering service categories
GTX-2025-0194,2025-07-13,2025,2025-07,Q3,BGC Hotel Group,Panel Board Installation - BGC Hotel Group,General Electrical Works,Panel Board Installation,Quezon City,3095000,2340000,755000,0.2439,Delayed,Partially Paid,Cash Deposit,369,Villanueva,Simulated Gigatech-style data for academic dashboard use; patterned after construction/engineering service categories
GTX-2025-0195,2025-07-18,2025,2025-07,Q3,Cebu Realty Ventures,Plumbing Line Installation - Cebu Realty Ventures,Plumbing and Sanitary Works,Plumbing Line Installation,BGC Taguig,1095000,780000,315000,0.2877,Completed,Paid,Bank Transfer,161,Torres,Simulated Gigatech-style data for academic dashboard use; patterned after construction/engineering service categories
GTX-2025-0196,2025-07-19,2025,2025-07,Q3,South Luzon Warehousing,Office Building Rehabilitation - South Luzon Warehousing,Renovation and Rehabilitation,Office Building Rehabilitation,Davao City,3260000,2670000,590000,0.181,Completed,Partially Paid,Bank Transfer,207,Reyes,Simulated Gigatech-style data for academic dashboard use; patterned after construction/engineering service categories
GTX-2025-0197,2025-07-20,2025,2025-07,Q3,Northpoint Realty,Integrated Building Services Package - Northpoint Realty,MEPFS Works,Integrated Building Services Package,Pasay City,4825000,4175000,650000,0.1347,Completed,Paid,Cash Deposit,120,Flores,Simulated Gigatech-style data for academic dashboard use; patterned after construction/engineering service categories
GTX-2025-0198,2025-07-24,2025,2025-07,Q3,Metro Build Corporation,Perimeter Fence Works - Metro Build Corporation,Civil Works,Perimeter Fence Works,Quezon City,1955000,1525000,430000,0.2199,For Billing,Unpaid,Online Transfer,287,Ramos,Simulated Gigatech-style data for academic dashboard use; patterned after construction/engineering service categories
GTX-2025-0199,2025-07-27,2025,2025-07,Q3,Ortigas Property Management,Access Control Installation - Ortigas Property Management,Auxiliary Works,Access Control Installation,Cebu City,1425000,950000,475000,0.3333,Completed,Paid,Cash Deposit,357,Flores,Simulated Gigatech-style data for academic dashboard use; patterned after construction/engineering service categories
GTX-2025-0200,2025-07-28,2025,2025-07,Q3,Paranaque Logistics Hub,Access Control Installation - Paranaque Logistics Hub,Auxiliary Works,Access Control Installation,Davao City,615000,485000,130000,0.2114,Completed,Paid,Cash Deposit,372,Cruz,Simulated Gigatech-style data for academic dashboard use; patterned after construction/engineering service categories
GTX-2025-0201,2025-07-29,2025,2025-07,Q3,Las Pinas Residences,Painting and Finishing Package - Las Pinas Residences,Architectural Works,Painting and Finishing Package,Pampanga,2400000,1650000,750000,0.3125,Completed,Paid,Check Payment,333,Garcia,Simulated Gigatech-style data for academic dashboard use; patterned after construction/engineering service categories
GTX-2025-0202,2025-08-06,2025,2025-08,Q3,Paranaque Logistics Hub,MEPFS Package for Commercial Building - Paranaque Logistics Hub,MEPFS Works,MEPFS Package for Commercial Building,Mandaue City,4610000,3805000,805000,0.1746,Delayed,Partially Paid,Bank Transfer,318,Mendoza,Simulated Gigatech-style data for academic dashboard use; patterned after construction/engineering service categories
GTX-2025-0203,2025-08-08,2025,2025-08,Q3,Batangas Manufacturing Plant,Network and Communication Works - Batangas Manufacturing Plant,Auxiliary Works,Network and Communication Works,Quezon City,430000,330000,100000,0.2326,Ongoing,Paid,Bank Transfer,387,Villanueva,Simulated Gigatech-style data for academic dashboard use; patterned after construction/engineering service categories
GTX-2025-0204,2025-08-13,2025,2025-08,Q3,Northpoint Realty,Sanitary Line Upgrade - Northpoint Realty,Plumbing and Sanitary Works,Sanitary Line Upgrade,Las Pinas City,1000000,770000,230000,0.23,Completed,Partially Paid,Check Payment,37,Garcia,Simulated Gigatech-style data for academic dashboard use; patterned after construction/engineering service categories
GTX-2025-0205,2025-08-16,2025,2025-08,Q3,Taguig Condo Association,MEPFS Upgrade for Condominium - Taguig Condo Association,MEPFS Works,MEPFS Upgrade for Condominium,Mandaue City,2450000,2095000,355000,0.1449,Completed,Unpaid,Bank Transfer,71,Garcia,Simulated Gigatech-style data for academic dashboard use; patterned after construction/engineering service categories
GTX-2025-0206,2025-08-17,2025,2025-08,Q3,BGC Hotel Group,Pumping System Installation - BGC Hotel Group,Mechanical Works,Pumping System Installation,Batangas,2745000,2185000,560000,0.204,Completed,Paid,Online Transfer,350,Reyes,Simulated Gigatech-style data for academic dashboard use; patterned after construction/engineering service categories
GTX-2025-0207,2025-08-19,2025,2025-08,Q3,Rizal Housing Cooperative,Condominium Structural Package - Rizal Housing Cooperative,Structural Works,Condominium Structural Package,Cebu City,2755000,2230000,525000,0.1906,Completed,Paid,Cash Deposit,387,Dela Cruz,Simulated Gigatech-style data for academic dashboard use; patterned after construction/engineering service categories
GTX-2025-0208,2025-08-23,2025,2025-08,Q3,Caloocan Warehouse Group,Power Distribution Works - Caloocan Warehouse Group,General Electrical Works,Power Distribution Works,Pasay City,2915000,2245000,670000,0.2298,For Billing,Partially Paid,Bank Transfer,60,Garcia,Simulated Gigatech-style data for academic dashboard use; patterned after construction/engineering service categories
GTX-2025-0209,2025-08-26,2025,2025-08,Q3,Davao Retail Center,CCTV and Structured Cabling - Davao Retail Center,Auxiliary Works,CCTV and Structured Cabling,Iloilo City,740000,520000,220000,0.2973,Ongoing,Partially Paid,Online Transfer,34,Flores,Simulated Gigatech-style data for academic dashboard use; patterned after construction/engineering service categories
GTX-2025-0210,2025-09-01,2025,2025-09,Q3,Cebu Realty Ventures,Painting and Finishing Package - Cebu Realty Ventures,Architectural Works,Painting and Finishing Package,Bulacan,550000,455000,95000,0.1727,For Billing,Unpaid,Cash Deposit,372,Santos,Simulated Gigatech-style data for academic dashboard use; patterned after construction/engineering service categories
GTX-2025-0211,2025-09-02,2025,2025-09,Q3,Cebu Condo Board,Air Conditioning System Installation - Cebu Condo Board,HVAC Works,Air Conditioning System Installation,Cebu City,2925000,2125000,800000,0.2735,Completed,Paid,Progress Billing,416,Villanueva,Simulated Gigatech-style data for academic dashboard use; patterned after construction/engineering service categories
GTX-2025-0212,2025-09-02,2025,2025-09,Q3,Pasay Commercial Center,Condominium Structural Package - Pasay Commercial Center,Structural Works,Condominium Structural Package,Bulacan,3085000,2155000,930000,0.3015,Completed,Paid,Cash Deposit,104,Santos,Simulated Gigatech-style data for academic dashboard use; patterned after construction/engineering service categories
GTX-2025-0213,2025-09-03,2025,2025-09,Q3,Metro Build Corporation,Building Renovation - Metro Build Corporation,Architectural Works,Building Renovation,Iloilo City,690000,490000,200000,0.2899,Delayed,Paid,Cash Deposit,289,Torres,Simulated Gigatech-style data for academic dashboard use; patterned after construction/engineering service categories
GTX-2025-0214,2025-09-05,2025,2025-09,Q3,Cavite Landholdings,Integrated Building Services Package - Cavite Landholdings,MEPFS Works,Integrated Building Services Package,Rizal,4305000,3770000,535000,0.1243,Delayed,Partially Paid,Check Payment,82,Reyes,Simulated Gigatech-style data for academic dashboard use; patterned after construction/engineering service categories
GTX-2025-0215,2025-09-13,2025,2025-09,Q3,Makati Business Tower,Foundation and Column Works - Makati Business Tower,Structural Works,Foundation and Column Works,Pasay City,5515000,3860000,1655000,0.3001,Completed,Partially Paid,Bank Transfer,76,Torres,Simulated Gigatech-style data for academic dashboard use; patterned after construction/engineering service categories
GTX-2025-0216,2025-09-18,2025,2025-09,Q3,South Luzon Warehousing,Fire Pump and FDAS Integration - South Luzon Warehousing,Fire Protection Works,Fire Pump and FDAS Integration,Bulacan,2850000,1940000,910000,0.3193,Completed,Partially Paid,Bank Transfer,27,Reyes,Simulated Gigatech-style data for academic dashboard use; patterned after construction/engineering service categories
GTX-2025-0217,2025-09-19,2025,2025-09,Q3,Batangas Manufacturing Plant,Panel Board Installation - Batangas Manufacturing Plant,General Electrical Works,Panel Board Installation,Makati City,2475000,1875000,600000,0.2424,Ongoing,Unpaid,Check Payment,375,Cruz,Simulated Gigatech-style data for academic dashboard use; patterned after construction/engineering service categories
GTX-2025-0218,2025-09-24,2025,2025-09,Q3,Cebu Condo Board,Electrical System Upgrade - Cebu Condo Board,General Electrical Works,Electrical System Upgrade,Pampanga,3485000,2480000,1005000,0.2884,Completed,Paid,Check Payment,273,Dela Cruz,Simulated Gigatech-style data for academic dashboard use; patterned after construction/engineering service categories
GTX-2025-0219,2025-09-26,2025,2025-09,Q3,Manila School Foundation,Drainage and Road Works - Manila School Foundation,Civil Works,Drainage and Road Works,Tarlac,1545000,1180000,365000,0.2362,For Billing,Unpaid,Bank Transfer,101,Santos,Simulated Gigatech-style data for academic dashboard use; patterned after construction/engineering service categories
GTX-2025-0220,2025-09-28,2025,2025-09,Q3,Manila School Foundation,Integrated Building Services Package - Manila School Foundation,MEPFS Works,Integrated Building Services Package,Muntinlupa City,6180000,5265000,915000,0.1481,For Billing,Unpaid,Check Payment,81,Garcia,Simulated Gigatech-style data for academic dashboard use; patterned after construction/engineering service categories
GTX-2025-0221,2025-09-29,2025,2025-09,Q3,Bulacan Builders Group,Panel Board Installation - Bulacan Builders Group,General Electrical Works,Panel Board Installation,Cavite,2470000,1705000,765000,0.3097,Completed,Paid,Bank Transfer,159,Santos,Simulated Gigatech-style data for academic dashboard use; patterned after construction/engineering service categories
GTX-2025-0222,2025-10-03,2025,2025-10,Q4,Davao Retail Center,Lighting and Wiring Package - Davao Retail Center,General Electrical Works,Lighting and Wiring Package,Cebu City,1565000,1295000,270000,0.1725,Completed,Paid,Bank Transfer,116,Flores,Simulated Gigatech-style data for academic dashboard use; patterned after construction/engineering service categories
GTX-2025-0223,2025-10-03,2025,2025-10,Q4,Mandaue Commercial Hub,Integrated Building Services Package - Mandaue Commercial Hub,MEPFS Works,Integrated Building Services Package,Las Pinas City,1955000,1420000,535000,0.2737,Completed,Paid,Online Transfer,319,Villanueva,Simulated Gigatech-style data for academic dashboard use; patterned after construction/engineering service categories
GTX-2025-0224,2025-10-03,2025,2025-10,Q4,Batangas Manufacturing Plant,Equipment Room Upgrade - Batangas Manufacturing Plant,Mechanical Works,Equipment Room Upgrade,Iloilo City,2570000,2030000,540000,0.2101,Completed,Paid,Bank Transfer,340,Dela Cruz,Simulated Gigatech-style data for academic dashboard use; patterned after construction/engineering service categories
GTX-2025-0225,2025-10-12,2025,2025-10,Q4,Davao Retail Center,CCTV and Structured Cabling - Davao Retail Center,Auxiliary Works,CCTV and Structured Cabling,Quezon City,1675000,1165000,510000,0.3045,Completed,Paid,Check Payment,215,Mendoza,Simulated Gigatech-style data for academic dashboard use; patterned after construction/engineering service categories
GTX-2025-0226,2025-10-15,2025,2025-10,Q4,Metro Build Corporation,Fire Line Repair Works - Metro Build Corporation,Fire Protection Works,Fire Line Repair Works,Batangas,2710000,2145000,565000,0.2085,Completed,Partially Paid,Online Transfer,252,Dela Cruz,Simulated Gigatech-style data for academic dashboard use; patterned after construction/engineering service categories
GTX-2025-0227,2025-10-17,2025,2025-10,Q4,Ortigas Property Management,Structural Retrofitting - Ortigas Property Management,Structural Works,Structural Retrofitting,Ortigas Center,1700000,1350000,350000,0.2059,Ongoing,Partially Paid,Progress Billing,332,Santos,Simulated Gigatech-style data for academic dashboard use; patterned after construction/engineering service categories
GTX-2025-0228,2025-10-22,2025,2025-10,Q4,Mandaue Commercial Hub,Commercial Unit Fit-Out - Mandaue Commercial Hub,Fit-Out Works,Commercial Unit Fit-Out,Bulacan,565000,455000,110000,0.1947,Completed,Paid,Online Transfer,327,Torres,Simulated Gigatech-style data for academic dashboard use; patterned after construction/engineering service categories
GTX-2025-0229,2025-10-24,2025,2025-10,Q4,Metro Build Corporation,MEPFS Rough-in Works - Metro Build Corporation,MEPFS Works,MEPFS Rough-in Works,Makati City,1930000,1535000,395000,0.2047,Ongoing,Partially Paid,Progress Billing,64,Ramos,Simulated Gigatech-style data for academic dashboard use; patterned after construction/engineering service categories
GTX-2025-0230,2025-10-28,2025,2025-10,Q4,Rizal Housing Cooperative,Structural Retrofitting - Rizal Housing Cooperative,Structural Works,Structural Retrofitting,Mandaue City,4885000,3650000,1235000,0.2528,Delayed,Partially Paid,Bank Transfer,325,Reyes,Simulated Gigatech-style data for academic dashboard use; patterned after construction/engineering service categories
GTX-2025-0231,2025-11-01,2025,2025-11,Q4,Tarlac Industrial Estate,Sanitary Line Upgrade - Tarlac Industrial Estate,Plumbing and Sanitary Works,Sanitary Line Upgrade,Ortigas Center,2075000,1710000,365000,0.1759,Completed,Paid,Online Transfer,42,Mendoza,Simulated Gigatech-style data for academic dashboard use; patterned after construction/engineering service categories
GTX-2025-0232,2025-11-06,2025,2025-11,Q4,Pampanga Medical Suites,Integrated Building Services Package - Pampanga Medical Suites,MEPFS Works,Integrated Building Services Package,Mandaue City,5425000,4430000,995000,0.1834,Completed,Paid,Bank Transfer,278,Villanueva,Simulated Gigatech-style data for academic dashboard use; patterned after construction/engineering service categories
GTX-2025-0233,2025-11-07,2025,2025-11,Q4,Pampanga Medical Suites,Fire Line Repair Works - Pampanga Medical Suites,Fire Protection Works,Fire Line Repair Works,Rizal,2030000,1710000,320000,0.1576,Ongoing,Partially Paid,Progress Billing,416,Dela Cruz,Simulated Gigatech-style data for academic dashboard use; patterned after construction/engineering service categories
GTX-2025-0234,2025-11-07,2025,2025-11,Q4,Rizal Housing Cooperative,HVAC System Upgrade - Rizal Housing Cooperative,HVAC Works,HVAC System Upgrade,Makati City,2810000,2050000,760000,0.2705,Completed,Paid,Bank Transfer,265,Mendoza,Simulated Gigatech-style data for academic dashboard use; patterned after construction/engineering service categories
GTX-2025-0235,2025-11-08,2025,2025-11,Q4,Mandaue Commercial Hub,Perimeter Fence Works - Mandaue Commercial Hub,Civil Works,Perimeter Fence Works,Tarlac,865000,700000,165000,0.1908,Completed,Paid,Cash Deposit,280,Mendoza,Simulated Gigatech-style data for academic dashboard use; patterned after construction/engineering service categories
GTX-2025-0236,2025-11-11,2025,2025-11,Q4,Manila School Foundation,FDAS and Alarm System Works - Manila School Foundation,Auxiliary Works,FDAS and Alarm System Works,BGC Taguig,595000,415000,180000,0.3025,Completed,Paid,Cash Deposit,288,Garcia,Simulated Gigatech-style data for academic dashboard use; patterned after construction/engineering service categories
GTX-2025-0237,2025-11-11,2025,2025-11,Q4,Greenfield Developers,Facade Improvement - Greenfield Developers,Architectural Works,Facade Improvement,Quezon City,1930000,1455000,475000,0.2461,Completed,Paid,Check Payment,164,Santos,Simulated Gigatech-style data for academic dashboard use; patterned after construction/engineering service categories
GTX-2025-0238,2025-11-14,2025,2025-11,Q4,Makati Business Tower,Foundation and Column Works - Makati Business Tower,Structural Works,Foundation and Column Works,Paranaque City,2375000,1690000,685000,0.2884,Ongoing,Partially Paid,Check Payment,345,Cruz,Simulated Gigatech-style data for academic dashboard use; patterned after construction/engineering service categories
GTX-2025-0239,2025-11-14,2025,2025-11,Q4,Greenfield Developers,Painting and Finishing Package - Greenfield Developers,Architectural Works,Painting and Finishing Package,Rizal,2120000,1740000,380000,0.1792,Completed,Paid,Check Payment,150,Ramos,Simulated Gigatech-style data for academic dashboard use; patterned after construction/engineering service categories
GTX-2025-0240,2025-11-22,2025,2025-11,Q4,Iloilo Business Park,Equipment Room Upgrade - Iloilo Business Park,Mechanical Works,Equipment Room Upgrade,Ortigas Center,1385000,1030000,355000,0.2563,Completed,Paid,Bank Transfer,336,Ramos,Simulated Gigatech-style data for academic dashboard use; patterned after construction/engineering service categories
GTX-2025-0241,2025-11-24,2025,2025-11,Q4,Taguig Condo Association,Fire Line Repair Works - Taguig Condo Association,Fire Protection Works,Fire Line Repair Works,Las Pinas City,3370000,2495000,875000,0.2596,Completed,Paid,Progress Billing,317,Garcia,Simulated Gigatech-style data for academic dashboard use; patterned after construction/engineering service categories
GTX-2025-0242,2025-11-25,2025,2025-11,Q4,Metro Build Corporation,Site Development Works - Metro Build Corporation,Civil Works,Site Development Works,Rizal,4570000,3855000,715000,0.1565,Completed,Paid,Progress Billing,299,Cruz,Simulated Gigatech-style data for academic dashboard use; patterned after construction/engineering service categories
GTX-2025-0243,2025-11-30,2025,2025-11,Q4,NCR Office Suites,Panel Board Installation - NCR Office Suites,General Electrical Works,Panel Board Installation,Manila,2860000,2070000,790000,0.2762,Ongoing,Partially Paid,Cash Deposit,247,Reyes,Simulated Gigatech-style data for academic dashboard use; patterned after construction/engineering service categories
GTX-2025-0244,2025-12-02,2025,2025-12,Q4,Greenfield Developers,Pumping System Installation - Greenfield Developers,Mechanical Works,Pumping System Installation,Cavite,4295000,3445000,850000,0.1979,Completed,Paid,Bank Transfer,209,Villanueva,Simulated Gigatech-style data for academic dashboard use; patterned after construction/engineering service categories
GTX-2025-0245,2025-12-07,2025,2025-12,Q4,Bulacan Builders Group,Integrated Building Services Package - Bulacan Builders Group,MEPFS Works,Integrated Building Services Package,Laguna,3425000,2815000,610000,0.1781,Completed,Unpaid,Bank Transfer,110,Ramos,Simulated Gigatech-style data for academic dashboard use; patterned after construction/engineering service categories
GTX-2025-0246,2025-12-09,2025,2025-12,Q4,Nuvali Property Office,Condominium Structural Package - Nuvali Property Office,Structural Works,Condominium Structural Package,Rizal,2795000,2030000,765000,0.2737,Delayed,Unpaid,Online Transfer,270,Flores,Simulated Gigatech-style data for academic dashboard use; patterned after construction/engineering service categories
GTX-2025-0247,2025-12-10,2025,2025-12,Q4,Cebu Realty Ventures,Foundation and Column Works - Cebu Realty Ventures,Structural Works,Foundation and Column Works,Cavite,4385000,3760000,625000,0.1425,Completed,Paid,Online Transfer,316,Flores,Simulated Gigatech-style data for academic dashboard use; patterned after construction/engineering service categories
GTX-2025-0248,2025-12-16,2025,2025-12,Q4,Pampanga Medical Suites,Office Fit-Out Works - Pampanga Medical Suites,Fit-Out Works,Office Fit-Out Works,Mandaue City,1595000,1035000,560000,0.3511,Completed,Paid,Bank Transfer,250,Reyes,Simulated Gigatech-style data for academic dashboard use; patterned after construction/engineering service categories
GTX-2025-0249,2025-12-17,2025,2025-12,Q4,Cavite Landholdings,Retail Fit-Out Package - Cavite Landholdings,Fit-Out Works,Retail Fit-Out Package,Iloilo City,1320000,1080000,240000,0.1818,Completed,Paid,Check Payment,242,Dela Cruz,Simulated Gigatech-style data for academic dashboard use; patterned after construction/engineering service categories
GTX-2025-0250,2025-12-22,2025,2025-12,Q4,Makati Business Tower,Facade Improvement - Makati Business Tower,Architectural Works,Facade Improvement,Ortigas Center,2570000,1965000,605000,0.2354,Completed,Paid,Check Payment,76,Flores,Simulated Gigatech-style data for academic dashboard use; patterned after construction/engineering service categories
GTX-2025-0251,2025-12-23,2025,2025-12,Q4,Davao Retail Center,Ceiling and Partition Works - Davao Retail Center,Architectural Works,Ceiling and Partition Works,Tarlac,2620000,2210000,410000,0.1565,Delayed,Unpaid,Bank Transfer,45,Ramos,Simulated Gigatech-style data for academic dashboard use; patterned after construction/engineering service categories
GTX-2025-0252,2025-12-24,2025,2025-12,Q4,Iloilo Business Park,Air Conditioning System Installation - Iloilo Business Park,HVAC Works,Air Conditioning System Installation,Pampanga,1160000,935000,225000,0.194,Ongoing,Partially Paid,Online Transfer,115,Garcia,Simulated Gigatech-style data for academic dashboard use; patterned after construction/engineering service categories
GTX-2026-0253,2026-01-01,2026,2026-01,Q1,Cavite Landholdings,Warehouse Rehabilitation - Cavite Landholdings,Renovation and Rehabilitation,Warehouse Rehabilitation,Paranaque City,3165000,2345000,820000,0.2591,Completed,Partially Paid,Bank Transfer,321,Mendoza,Simulated Gigatech-style data for academic dashboard use; patterned after construction/engineering service categories
GTX-2026-0254,2026-01-03,2026,2026-01,Q1,Quezon City Estate Group,Panel Board Installation - Quezon City Estate Group,General Electrical Works,Panel Board Installation,Laguna,1255000,1040000,215000,0.1713,Completed,Paid,Check Payment,82,Garcia,Simulated Gigatech-style data for academic dashboard use; patterned after construction/engineering service categories
GTX-2026-0255,2026-01-03,2026,2026-01,Q1,Makati Business Tower,Panel Board Installation - Makati Business Tower,General Electrical Works,Panel Board Installation,Cebu City,1705000,1365000,340000,0.1994,For Billing,Unpaid,Progress Billing,226,Torres,Simulated Gigatech-style data for academic dashboard use; patterned after construction/engineering service categories
GTX-2026-0256,2026-01-06,2026,2026-01,Q1,NCR Office Suites,Fire Pump and FDAS Integration - NCR Office Suites,Fire Protection Works,Fire Pump and FDAS Integration,Pasay City,2305000,1800000,505000,0.2191,Completed,Paid,Check Payment,217,Cruz,Simulated Gigatech-style data for academic dashboard use; patterned after construction/engineering service categories
GTX-2026-0257,2026-01-13,2026,2026-01,Q1,Ortigas Property Management,MEPFS Rough-in Works - Ortigas Property Management,MEPFS Works,MEPFS Rough-in Works,Iloilo City,4155000,2980000,1175000,0.2828,Completed,Paid,Check Payment,278,Dela Cruz,Simulated Gigatech-style data for academic dashboard use; patterned after construction/engineering service categories
GTX-2026-0258,2026-01-15,2026,2026-01,Q1,Metro Build Corporation,MEPFS Upgrade for Condominium - Metro Build Corporation,MEPFS Works,MEPFS Upgrade for Condominium,Pampanga,3995000,3430000,565000,0.1414,Completed,Paid,Cash Deposit,330,Ramos,Simulated Gigatech-style data for academic dashboard use; patterned after construction/engineering service categories
GTX-2026-0259,2026-01-17,2026,2026-01,Q1,Taguig Condo Association,Fire Protection System Upgrade - Taguig Condo Association,Fire Protection Works,Fire Protection System Upgrade,Iloilo City,2390000,1865000,525000,0.2197,Completed,Paid,Cash Deposit,308,Cruz,Simulated Gigatech-style data for academic dashboard use; patterned after construction/engineering service categories
GTX-2026-0260,2026-01-18,2026,2026-01,Q1,Batangas Manufacturing Plant,Lighting and Wiring Package - Batangas Manufacturing Plant,General Electrical Works,Lighting and Wiring Package,BGC Taguig,1270000,875000,395000,0.311,Completed,Paid,Bank Transfer,134,Garcia,Simulated Gigatech-style data for academic dashboard use; patterned after construction/engineering service categories
GTX-2026-0261,2026-01-22,2026,2026-01,Q1,Nuvali Property Office,Fire Pump and FDAS Integration - Nuvali Property Office,Fire Protection Works,Fire Pump and FDAS Integration,Cebu City,1500000,1050000,450000,0.3,Completed,Paid,Check Payment,131,Flores,Simulated Gigatech-style data for academic dashboard use; patterned after construction/engineering service categories
GTX-2026-0262,2026-01-23,2026,2026-01,Q1,Northpoint Realty,Water Supply System Works - Northpoint Realty,Plumbing and Sanitary Works,Water Supply System Works,Manila,1745000,1330000,415000,0.2378,Delayed,Partially Paid,Online Transfer,382,Mendoza,Simulated Gigatech-style data for academic dashboard use; patterned after construction/engineering service categories
GTX-2026-0263,2026-01-28,2026,2026-01,Q1,Davao Retail Center,Lighting and Wiring Package - Davao Retail Center,General Electrical Works,Lighting and Wiring Package,Batangas,2945000,2040000,905000,0.3073,Completed,Paid,Online Transfer,275,Torres,Simulated Gigatech-style data for academic dashboard use; patterned after construction/engineering service categories
GTX-2026-0264,2026-01-31,2026,2026-01,Q1,Makati Business Tower,Fire Pump and FDAS Integration - Makati Business Tower,Fire Protection Works,Fire Pump and FDAS Integration,Iloilo City,3000000,2415000,585000,0.195,Completed,Paid,Cash Deposit,281,Ramos,Simulated Gigatech-style data for academic dashboard use; patterned after construction/engineering service categories
GTX-2026-0265,2026-02-02,2026,2026-02,Q1,Taguig Condo Association,Fire Pump and FDAS Integration - Taguig Condo Association,Fire Protection Works,Fire Pump and FDAS Integration,Manila,1295000,1015000,280000,0.2162,For Billing,Partially Paid,Online Transfer,118,Ramos,Simulated Gigatech-style data for academic dashboard use; patterned after construction/engineering service categories
GTX-2026-0266,2026-02-06,2026,2026-02,Q1,Davao Retail Center,Integrated Building Services Package - Davao Retail Center,MEPFS Works,Integrated Building Services Package,Ortigas Center,4285000,3485000,800000,0.1867,Ongoing,Partially Paid,Progress Billing,238,Flores,Simulated Gigatech-style data for academic dashboard use; patterned after construction/engineering service categories
GTX-2026-0267,2026-02-07,2026,2026-02,Q1,Cebu Condo Board,Fire Protection System Upgrade - Cebu Condo Board,Fire Protection Works,Fire Protection System Upgrade,Manila,2205000,1840000,365000,0.1655,Ongoing,Unpaid,Bank Transfer,78,Cruz,Simulated Gigatech-style data for academic dashboard use; patterned after construction/engineering service categories
GTX-2026-0268,2026-02-07,2026,2026-02,Q1,Alabang Corporate Center,Network and Communication Works - Alabang Corporate Center,Auxiliary Works,Network and Communication Works,Quezon City,725000,490000,235000,0.3241,Delayed,Unpaid,Cash Deposit,145,Mendoza,Simulated Gigatech-style data for academic dashboard use; patterned after construction/engineering service categories
GTX-2026-0269,2026-02-10,2026,2026-02,Q1,Alabang Corporate Center,Mechanical Equipment Installation - Alabang Corporate Center,Mechanical Works,Mechanical Equipment Installation,Bulacan,4595000,3565000,1030000,0.2242,Completed,Paid,Progress Billing,408,Mendoza,Simulated Gigatech-style data for academic dashboard use; patterned after construction/engineering service categories
GTX-2026-0270,2026-02-11,2026,2026-02,Q1,Taguig Condo Association,MEPFS Upgrade for Condominium - Taguig Condo Association,MEPFS Works,MEPFS Upgrade for Condominium,Bulacan,5875000,4975000,900000,0.1532,Ongoing,Unpaid,Cash Deposit,335,Garcia,Simulated Gigatech-style data for academic dashboard use; patterned after construction/engineering service categories
GTX-2026-0271,2026-02-12,2026,2026-02,Q1,Tarlac Industrial Estate,Integrated Building Services Package - Tarlac Industrial Estate,MEPFS Works,Integrated Building Services Package,Pampanga,4775000,3875000,900000,0.1885,Ongoing,Partially Paid,Check Payment,158,Santos,Simulated Gigatech-style data for academic dashboard use; patterned after construction/engineering service categories
GTX-2026-0272,2026-02-27,2026,2026-02,Q1,Davao Retail Center,Panel Board Installation - Davao Retail Center,General Electrical Works,Panel Board Installation,Bulacan,3600000,2725000,875000,0.2431,Ongoing,Paid,Online Transfer,208,Reyes,Simulated Gigatech-style data for academic dashboard use; patterned after construction/engineering service categories
GTX-2026-0273,2026-03-02,2026,2026-03,Q1,Laguna Industrial Park,Plumbing Line Installation - Laguna Industrial Park,Plumbing and Sanitary Works,Plumbing Line Installation,Manila,2035000,1515000,520000,0.2555,Completed,Unpaid,Online Transfer,122,Ramos,Simulated Gigatech-style data for academic dashboard use; patterned after construction/engineering service categories
GTX-2026-0274,2026-03-03,2026,2026-03,Q1,Alabang Corporate Center,Steel Framing Works - Alabang Corporate Center,Structural Works,Steel Framing Works,Tarlac,4520000,3200000,1320000,0.292,Delayed,Partially Paid,Online Transfer,127,Torres,Simulated Gigatech-style data for academic dashboard use; patterned after construction/engineering service categories
GTX-2026-0275,2026-03-04,2026,2026-03,Q1,Greenfield Developers,MEPFS Package for Commercial Building - Greenfield Developers,MEPFS Works,MEPFS Package for Commercial Building,Makati City,3290000,2710000,580000,0.1763,For Billing,Unpaid,Check Payment,70,Villanueva,Simulated Gigatech-style data for academic dashboard use; patterned after construction/engineering service categories
GTX-2026-0276,2026-03-05,2026,2026-03,Q1,Pampanga Medical Suites,FDAS and Alarm System Works - Pampanga Medical Suites,Auxiliary Works,FDAS and Alarm System Works,Pampanga,1240000,950000,290000,0.2339,For Billing,Partially Paid,Progress Billing,246,Villanueva,Simulated Gigatech-style data for academic dashboard use; patterned after construction/engineering service categories
GTX-2026-0277,2026-03-09,2026,2026-03,Q1,Quezon City Estate Group,Generator and Transfer Switch Works - Quezon City Estate Group,General Electrical Works,Generator and Transfer Switch Works,Cebu City,2270000,1770000,500000,0.2203,Ongoing,Partially Paid,Progress Billing,415,Garcia,Simulated Gigatech-style data for academic dashboard use; patterned after construction/engineering service categories
GTX-2026-0278,2026-03-10,2026,2026-03,Q1,Batangas Manufacturing Plant,Fire Line Repair Works - Batangas Manufacturing Plant,Fire Protection Works,Fire Line Repair Works,BGC Taguig,3255000,2560000,695000,0.2135,For Billing,Unpaid,Bank Transfer,335,Villanueva,Simulated Gigatech-style data for academic dashboard use; patterned after construction/engineering service categories
GTX-2026-0279,2026-03-23,2026,2026-03,Q1,Greenfield Developers,MEPFS Rough-in Works - Greenfield Developers,MEPFS Works,MEPFS Rough-in Works,Manila,3315000,2810000,505000,0.1523,Ongoing,Unpaid,Bank Transfer,326,Garcia,Simulated Gigatech-style data for academic dashboard use; patterned after construction/engineering service categories
GTX-2026-0280,2026-03-24,2026,2026-03,Q1,Pasay Commercial Center,Fire Protection System Upgrade - Pasay Commercial Center,Fire Protection Works,Fire Protection System Upgrade,Pampanga,3170000,2390000,780000,0.2461,Completed,Paid,Check Payment,246,Dela Cruz,Simulated Gigatech-style data for academic dashboard use; patterned after construction/engineering service categories
GTX-2026-0281,2026-03-28,2026,2026-03,Q1,Cavite Landholdings,Sanitary Line Upgrade - Cavite Landholdings,Plumbing and Sanitary Works,Sanitary Line Upgrade,Bulacan,2660000,1965000,695000,0.2613,Ongoing,Paid,Online Transfer,127,Mendoza,Simulated Gigatech-style data for academic dashboard use; patterned after construction/engineering service categories
GTX-2026-0282,2026-03-31,2026,2026-03,Q1,Paranaque Logistics Hub,MEPFS Package for Commercial Building - Paranaque Logistics Hub,MEPFS Works,MEPFS Package for Commercial Building,Davao City,4905000,3955000,950000,0.1937,Ongoing,Partially Paid,Progress Billing,269,Torres,Simulated Gigatech-style data for academic dashboard use; patterned after construction/engineering service categories
GTX-2026-0283,2026-04-01,2026,2026-04,Q2,Las Pinas Residences,FDAS and Alarm System Works - Las Pinas Residences,Auxiliary Works,FDAS and Alarm System Works,Paranaque City,1595000,1260000,335000,0.21,Delayed,Paid,Cash Deposit,358,Cruz,Simulated Gigatech-style data for academic dashboard use; patterned after construction/engineering service categories
GTX-2026-0284,2026-04-03,2026,2026-04,Q2,South Luzon Warehousing,MEPFS Rough-in Works - South Luzon Warehousing,MEPFS Works,MEPFS Rough-in Works,Davao City,5500000,4360000,1140000,0.2073,For Billing,Unpaid,Cash Deposit,183,Cruz,Simulated Gigatech-style data for academic dashboard use; patterned after construction/engineering service categories
GTX-2026-0285,2026-04-04,2026,2026-04,Q2,Alabang Corporate Center,Drainage Improvement Works - Alabang Corporate Center,Plumbing and Sanitary Works,Drainage Improvement Works,Las Pinas City,1340000,1040000,300000,0.2239,Ongoing,Partially Paid,Progress Billing,407,Santos,Simulated Gigatech-style data for academic dashboard use; patterned after construction/engineering service categories
GTX-2026-0286,2026-04-06,2026,2026-04,Q2,Cebu Condo Board,Structural Retrofitting - Cebu Condo Board,Structural Works,Structural Retrofitting,Tarlac,2325000,1935000,390000,0.1677,Completed,Paid,Check Payment,385,Villanueva,Simulated Gigatech-style data for academic dashboard use; patterned after construction/engineering service categories
GTX-2026-0287,2026-04-13,2026,2026-04,Q2,Pampanga Medical Suites,Power Distribution Works - Pampanga Medical Suites,General Electrical Works,Power Distribution Works,Muntinlupa City,2170000,1735000,435000,0.2005,Ongoing,Partially Paid,Cash Deposit,176,Torres,Simulated Gigatech-style data for academic dashboard use; patterned after construction/engineering service categories
GTX-2026-0288,2026-04-15,2026,2026-04,Q2,Pasay Commercial Center,Clinic Fit-Out Works - Pasay Commercial Center,Fit-Out Works,Clinic Fit-Out Works,BGC Taguig,895000,710000,185000,0.2067,Ongoing,Paid,Online Transfer,264,Cruz,Simulated Gigatech-style data for academic dashboard use; patterned after construction/engineering service categories
GTX-2026-0289,2026-04-15,2026,2026-04,Q2,Pampanga Medical Suites,Sprinkler System Installation - Pampanga Medical Suites,Fire Protection Works,Sprinkler System Installation,Iloilo City,1210000,900000,310000,0.2562,Ongoing,Unpaid,Bank Transfer,295,Garcia,Simulated Gigatech-style data for academic dashboard use; patterned after construction/engineering service categories
GTX-2026-0290,2026-04-16,2026,2026-04,Q2,Pasay Commercial Center,Sanitary Line Upgrade - Pasay Commercial Center,Plumbing and Sanitary Works,Sanitary Line Upgrade,Muntinlupa City,1010000,830000,180000,0.1782,Ongoing,Partially Paid,Online Transfer,150,Santos,Simulated Gigatech-style data for academic dashboard use; patterned after construction/engineering service categories
GTX-2026-0291,2026-04-19,2026,2026-04,Q2,Iloilo Business Park,Site Development Works - Iloilo Business Park,Civil Works,Site Development Works,Rizal,2400000,2015000,385000,0.1604,Ongoing,Partially Paid,Online Transfer,344,Flores,Simulated Gigatech-style data for academic dashboard use; patterned after construction/engineering service categories
GTX-2026-0292,2026-04-20,2026,2026-04,Q2,South Luzon Warehousing,Integrated Building Services Package - South Luzon Warehousing,MEPFS Works,Integrated Building Services Package,Batangas,5320000,4455000,865000,0.1626,Ongoing,Partially Paid,Online Transfer,347,Reyes,Simulated Gigatech-style data for academic dashboard use; patterned after construction/engineering service categories
GTX-2026-0293,2026-04-26,2026,2026-04,Q2,Alabang Corporate Center,Lighting and Wiring Package - Alabang Corporate Center,General Electrical Works,Lighting and Wiring Package,Mandaue City,885000,695000,190000,0.2147,For Billing,Partially Paid,Online Transfer,414,Flores,Simulated Gigatech-style data for academic dashboard use; patterned after construction/engineering service categories
GTX-2026-0294,2026-05-01,2026,2026-05,Q2,Manila School Foundation,Drainage and Road Works - Manila School Foundation,Civil Works,Drainage and Road Works,BGC Taguig,3015000,2550000,465000,0.1542,Completed,Paid,Online Transfer,389,Mendoza,Simulated Gigatech-style data for academic dashboard use; patterned after construction/engineering service categories
GTX-2026-0295,2026-05-02,2026,2026-05,Q2,Cebu Condo Board,FDAS and Alarm System Works - Cebu Condo Board,Auxiliary Works,FDAS and Alarm System Works,Paranaque City,880000,605000,275000,0.3125,Ongoing,Partially Paid,Bank Transfer,310,Garcia,Simulated Gigatech-style data for academic dashboard use; patterned after construction/engineering service categories
GTX-2026-0296,2026-05-05,2026,2026-05,Q2,Laguna Industrial Park,Plumbing Line Installation - Laguna Industrial Park,Plumbing and Sanitary Works,Plumbing Line Installation,Las Pinas City,1720000,1425000,295000,0.1715,Completed,Partially Paid,Cash Deposit,31,Reyes,Simulated Gigatech-style data for academic dashboard use; patterned after construction/engineering service categories
GTX-2026-0297,2026-05-06,2026,2026-05,Q2,Batangas Manufacturing Plant,Warehouse Structural Package - Batangas Manufacturing Plant,Structural Works,Warehouse Structural Package,Ortigas Center,5370000,4510000,860000,0.1601,For Billing,Unpaid,Check Payment,355,Garcia,Simulated Gigatech-style data for academic dashboard use; patterned after construction/engineering service categories
GTX-2026-0298,2026-05-08,2026,2026-05,Q2,Paranaque Logistics Hub,Lighting and Wiring Package - Paranaque Logistics Hub,General Electrical Works,Lighting and Wiring Package,Quezon City,820000,655000,165000,0.2012,Ongoing,Partially Paid,Bank Transfer,300,Reyes,Simulated Gigatech-style data for academic dashboard use; patterned after construction/engineering service categories
GTX-2026-0299,2026-05-13,2026,2026-05,Q2,Paranaque Logistics Hub,Fire Pump and FDAS Integration - Paranaque Logistics Hub,Fire Protection Works,Fire Pump and FDAS Integration,Las Pinas City,3135000,2420000,715000,0.2281,For Billing,Unpaid,Check Payment,29,Torres,Simulated Gigatech-style data for academic dashboard use; patterned after construction/engineering service categories
GTX-2026-0300,2026-05-15,2026,2026-05,Q2,NCR Office Suites,Fire Pump and FDAS Integration - NCR Office Suites,Fire Protection Works,Fire Pump and FDAS Integration,Iloilo City,1920000,1325000,595000,0.3099,Delayed,Unpaid,Online Transfer,73,Cruz,Simulated Gigatech-style data for academic dashboard use; patterned after construction/engineering service categories
